# Blender 5.2.1 LTS
# www.blender.org
mtllib con_gun.mtl
o Cylinder.002
v 0.650922 0.602283 -0.909022
v 0.642995 0.619735 -0.899488
v 0.631738 0.636516 -0.892419
v 0.617584 0.651981 -0.888087
v 0.601077 0.665537 -0.886657
v 0.582850 0.676662 -0.888185
v 0.563606 0.684928 -0.892612
v 0.544082 0.690019 -0.899768
v 0.525030 0.691738 -0.909378
v 0.507181 0.690019 -0.921073
v 0.491222 0.684928 -0.934403
v 0.477766 0.676662 -0.948856
v 0.467330 0.665537 -0.963876
v 0.460314 0.651981 -0.978886
v 0.456989 0.636516 -0.993311
v 0.457482 0.619735 -1.006594
v 0.461775 0.602283 -1.018226
v 0.469702 0.584831 -1.027759
v 0.480959 0.568050 -1.034828
v 0.495113 0.552584 -1.039160
v 0.511620 0.539029 -1.040590
v 0.529847 0.527904 -1.039062
v 0.549091 0.519638 -1.034635
v 0.568615 0.514547 -1.027479
v 0.587667 0.512828 -1.017869
v 0.605515 0.514547 -1.006174
v 0.621475 0.519638 -0.992844
v 0.634931 0.527904 -0.978392
v 0.645368 0.539029 -0.963371
v 0.652383 0.552584 -0.948361
v 0.655708 0.568050 -0.933937
v 0.655215 0.584831 -0.920653
v 0.620361 0.553169 -0.845673
v 0.612056 0.571453 -0.835685
v 0.600263 0.589034 -0.828279
v 0.585433 0.605238 -0.823740
v 0.568139 0.619440 -0.822242
v 0.549044 0.631095 -0.823843
v 0.528881 0.639756 -0.828481
v 0.508426 0.645089 -0.835979
v 0.488466 0.646890 -0.846047
v 0.469766 0.645089 -0.858299
v 0.453046 0.639756 -0.872265
v 0.438948 0.631095 -0.887407
v 0.428013 0.619440 -0.903144
v 0.420663 0.605238 -0.918870
v 0.417180 0.589035 -0.933982
v 0.417697 0.571453 -0.947899
v 0.422194 0.553169 -0.960085
v 0.430499 0.534885 -0.970073
v 0.442293 0.517304 -0.977480
v 0.457122 0.501101 -0.982019
v 0.474417 0.486899 -0.983516
v 0.493512 0.475243 -0.981915
v 0.513674 0.466582 -0.977277
v 0.534129 0.461249 -0.969780
v 0.554090 0.459448 -0.959711
v 0.572789 0.461249 -0.947459
v 0.589510 0.466582 -0.933494
v 0.603608 0.475243 -0.918351
v 0.614542 0.486899 -0.902615
v 0.621892 0.501101 -0.886888
v 0.625376 0.517304 -0.871777
v 0.624859 0.534885 -0.857860
v 0.586455 0.560789 -0.843280
v 0.577390 0.574302 -0.837588
v 0.565993 0.586755 -0.834099
v 0.552701 0.597671 -0.832948
v 0.538025 0.606629 -0.834179
v 0.522528 0.613285 -0.837743
v 0.506807 0.617384 -0.843506
v 0.491466 0.618768 -0.851244
v 0.477094 0.617384 -0.860661
v 0.464243 0.613285 -0.871394
v 0.453408 0.606629 -0.883032
v 0.445004 0.597671 -0.895127
v 0.439355 0.586755 -0.907214
v 0.436677 0.574302 -0.918828
v 0.437075 0.560789 -0.929524
v 0.440531 0.546737 -0.938891
v 0.446914 0.532684 -0.946567
v 0.455979 0.519172 -0.952259
v 0.467376 0.506718 -0.955748
v 0.480668 0.495803 -0.956899
v 0.495344 0.486845 -0.955669
v 0.510841 0.480188 -0.952104
v 0.526562 0.476089 -0.946342
v 0.541903 0.474705 -0.938603
v 0.556275 0.476089 -0.929187
v 0.569126 0.480188 -0.918453
v 0.579961 0.486845 -0.906815
v 0.588365 0.495803 -0.894721
v 0.594014 0.506718 -0.882634
v 0.596692 0.519172 -0.871019
v 0.596294 0.532684 -0.860323
v 0.592838 0.546737 -0.850957
v 0.461775 0.602283 1.018226
v 0.457482 0.619734 1.006594
v 0.456989 0.636515 0.993311
v 0.460314 0.651981 0.978887
v 0.467329 0.665537 0.963876
v 0.477766 0.676661 0.948856
v 0.491222 0.684928 0.934403
v 0.507181 0.690018 0.921073
v 0.525030 0.691737 0.909379
v 0.544082 0.690018 0.899769
v 0.563606 0.684928 0.892613
v 0.582850 0.676661 0.888186
v 0.601077 0.665537 0.886657
v 0.617584 0.651981 0.888087
v 0.631738 0.636515 0.892420
v 0.642995 0.619734 0.899488
v 0.650922 0.602282 0.909022
v 0.655215 0.584831 0.920654
v 0.655708 0.568050 0.933937
v 0.652383 0.552584 0.948361
v 0.645368 0.539028 0.963371
v 0.634931 0.527904 0.978392
v 0.621475 0.519637 0.992845
v 0.605515 0.514547 1.006174
v 0.587667 0.512828 1.017869
v 0.568615 0.514547 1.027479
v 0.549091 0.519637 1.034635
v 0.529847 0.527904 1.039062
v 0.511620 0.539029 1.040590
v 0.495113 0.552584 1.039161
v 0.480959 0.568050 1.034828
v 0.469702 0.584831 1.027760
v 0.422194 0.553169 0.960086
v 0.417697 0.571453 0.947899
v 0.417180 0.589034 0.933982
v 0.420663 0.605237 0.918870
v 0.428013 0.619440 0.903144
v 0.438948 0.631095 0.887407
v 0.453046 0.639756 0.872265
v 0.469766 0.645089 0.858300
v 0.488466 0.646890 0.846048
v 0.508426 0.645089 0.835979
v 0.528881 0.639756 0.828482
v 0.549043 0.631095 0.823843
v 0.568139 0.619439 0.822243
v 0.585433 0.605237 0.823740
v 0.600263 0.589034 0.828279
v 0.612056 0.571453 0.835685
v 0.620361 0.553169 0.845674
v 0.624859 0.534885 0.857860
v 0.625376 0.517303 0.871777
v 0.621892 0.501100 0.886889
v 0.614542 0.486898 0.902615
v 0.603608 0.475243 0.918352
v 0.589510 0.466582 0.933494
v 0.572790 0.461249 0.947459
v 0.554090 0.459448 0.959712
v 0.534129 0.461249 0.969780
v 0.513674 0.466582 0.977277
v 0.493512 0.475243 0.981916
v 0.474417 0.486898 0.983517
v 0.457122 0.501100 0.982019
v 0.442293 0.517303 0.977480
v 0.430499 0.534885 0.970074
v 0.437075 0.560789 0.929525
v 0.436677 0.574302 0.918829
v 0.439355 0.586755 0.907214
v 0.445004 0.597670 0.895127
v 0.453408 0.606628 0.883032
v 0.464243 0.613285 0.871395
v 0.477094 0.617384 0.860661
v 0.491466 0.618768 0.851244
v 0.506807 0.617384 0.843506
v 0.522528 0.613285 0.837744
v 0.538025 0.606628 0.834179
v 0.552701 0.597670 0.832948
v 0.565993 0.586755 0.834100
v 0.577390 0.574302 0.837588
v 0.586455 0.560789 0.843280
v 0.592838 0.546737 0.850957
v 0.596294 0.532684 0.860323
v 0.596692 0.519171 0.871019
v 0.594014 0.506718 0.882634
v 0.588365 0.495803 0.894721
v 0.579961 0.486845 0.906815
v 0.569126 0.480188 0.918453
v 0.556275 0.476089 0.929187
v 0.541903 0.474705 0.938604
v 0.526562 0.476089 0.946342
v 0.510841 0.480188 0.952104
v 0.495344 0.486845 0.955669
v 0.480668 0.495803 0.956900
v 0.467376 0.506718 0.955748
v 0.455979 0.519171 0.952260
v 0.446914 0.532684 0.946567
v 0.440531 0.546737 0.938891
v -1.112697 0.602283 -0.109204
v -1.100477 0.619735 -0.107106
v -1.088727 0.636516 -0.100891
v -1.077897 0.651981 -0.090800
v -1.068406 0.665537 -0.077219
v -1.060616 0.676662 -0.060670
v -1.054828 0.684929 -0.041790
v -1.051263 0.690019 -0.021305
v -1.050060 0.691738 0.000000
v -1.051263 0.690019 0.021305
v -1.054828 0.684929 0.041791
v -1.060616 0.676662 0.060671
v -1.068406 0.665537 0.077219
v -1.077897 0.651981 0.090800
v -1.088727 0.636516 0.100891
v -1.100477 0.619735 0.107106
v -1.112697 0.602283 0.109204
v -1.124917 0.584831 0.107106
v -1.136667 0.568050 0.100891
v -1.147496 0.552585 0.090800
v -1.156988 0.539029 0.077219
v -1.164777 0.527904 0.060671
v -1.170566 0.519638 0.041791
v -1.174130 0.514547 0.021305
v -1.175334 0.512829 0.000000
v -1.174130 0.514547 -0.021305
v -1.170566 0.519638 -0.041791
v -1.164777 0.527904 -0.060670
v -1.156988 0.539029 -0.077219
v -1.147496 0.552585 -0.090800
v -1.136667 0.568050 -0.100891
v -1.124917 0.584831 -0.107106
v -1.042555 0.553169 -0.114412
v -1.029753 0.571454 -0.112214
v -1.017442 0.589035 -0.105703
v -1.006096 0.605238 -0.095130
v -0.996152 0.619440 -0.080901
v -0.987991 0.631096 -0.063564
v -0.981926 0.639756 -0.043784
v -0.978192 0.645090 -0.022321
v -0.976931 0.646890 0.000000
v -0.978192 0.645090 0.022321
v -0.981926 0.639756 0.043784
v -0.987991 0.631096 0.063564
v -0.996152 0.619440 0.080902
v -1.006096 0.605238 0.095130
v -1.017442 0.589035 0.105703
v -1.029753 0.571454 0.112214
v -1.042555 0.553169 0.114412
v -1.055358 0.534885 0.112214
v -1.067668 0.517304 0.105703
v -1.079014 0.501101 0.095130
v -1.088958 0.486899 0.080901
v -1.097120 0.475243 0.063564
v -1.103184 0.466583 0.043784
v -1.106918 0.461249 0.022321
v -1.108179 0.459449 -0.000000
v -1.106918 0.461250 -0.022321
v -1.103184 0.466583 -0.043784
v -1.097120 0.475243 -0.063564
v -1.088958 0.486899 -0.080901
v -1.079014 0.501101 -0.095130
v -1.067668 0.517304 -0.105703
v -1.055358 0.534885 -0.112214
v -1.023529 0.560790 -0.086244
v -1.014068 0.574302 -0.081241
v -1.005348 0.586756 -0.073114
v -0.997704 0.597671 -0.062179
v -0.991432 0.606629 -0.048854
v -0.986771 0.613285 -0.033651
v -0.983901 0.617384 -0.017155
v -0.982932 0.618769 0.000000
v -0.983901 0.617384 0.017155
v -0.986771 0.613285 0.033651
v -0.991432 0.606629 0.048854
v -0.997704 0.597671 0.062179
v -1.005348 0.586756 0.073115
v -1.014067 0.574302 0.081241
v -1.023529 0.560790 0.086245
v -1.033369 0.546737 0.087934
v -1.043209 0.532685 0.086245
v -1.052670 0.519172 0.081241
v -1.061390 0.506719 0.073115
v -1.069033 0.495803 0.062179
v -1.075306 0.486845 0.048854
v -1.079967 0.480189 0.033651
v -1.082837 0.476090 0.017155
v -1.083806 0.474706 0.000000
v -1.082837 0.476090 -0.017155
v -1.079967 0.480189 -0.033651
v -1.075306 0.486845 -0.048854
v -1.069033 0.495803 -0.062179
v -1.061390 0.506719 -0.073115
v -1.052670 0.519172 -0.081241
v -1.043209 0.532685 -0.086244
v -1.033369 0.546737 -0.087934
v 0.416771 0.260365 -0.480358
v 0.403942 0.273262 -0.461313
v 0.387388 0.285815 -0.445125
v 0.367701 0.297517 -0.432489
v 0.345627 0.307882 -0.423977
v 0.322036 0.316464 -0.419995
v 0.297889 0.322886 -0.420765
v 0.274193 0.326860 -0.426296
v 0.251945 0.328205 -0.436382
v 0.232087 0.326860 -0.450606
v 0.215449 0.322886 -0.468362
v 0.202709 0.316464 -0.488889
v 0.194361 0.307882 -0.511310
v 0.190696 0.297517 -0.534683
v 0.191796 0.285815 -0.558050
v 0.197538 0.273262 -0.580481
v 0.207617 0.260365 -0.601113
v 0.221567 0.247626 -0.619187
v 0.238792 0.235522 -0.634066
v 0.258597 0.224491 -0.645255
v 0.280219 0.214920 -0.652402
v 0.302854 0.207131 -0.655307
v 0.325688 0.201382 -0.653915
v 0.347915 0.197858 -0.648310
v 0.368760 0.196671 -0.638710
v 0.387495 0.197858 -0.625458
v 0.403463 0.201382 -0.609012
v 0.416086 0.207131 -0.589933
v 0.424888 0.214920 -0.568878
v 0.429509 0.224491 -0.546579
v 0.429722 0.235522 -0.523833
v 0.425448 0.247625 -0.501476
v 0.207617 0.260365 0.601113
v 0.197538 0.273262 0.580481
v 0.191796 0.285815 0.558050
v 0.190696 0.297517 0.534684
v 0.194361 0.307882 0.511310
v 0.202709 0.316464 0.488889
v 0.215449 0.322886 0.468362
v 0.232087 0.326860 0.450606
v 0.251945 0.328205 0.436382
v 0.274193 0.326860 0.426296
v 0.297889 0.322886 0.420765
v 0.322036 0.316464 0.419995
v 0.345627 0.307882 0.423977
v 0.367701 0.297517 0.432490
v 0.387388 0.285815 0.445125
v 0.403942 0.273262 0.461313
v 0.416771 0.260365 0.480358
v 0.425448 0.247625 0.501476
v 0.429722 0.235521 0.523833
v 0.429509 0.224491 0.546579
v 0.424888 0.214920 0.568878
v 0.416086 0.207131 0.589933
v 0.403463 0.201382 0.609012
v 0.387495 0.197858 0.625459
v 0.368760 0.196671 0.638710
v 0.347915 0.197858 0.648310
v 0.325688 0.201382 0.653915
v 0.302854 0.207131 0.655308
v 0.280219 0.214920 0.652402
v 0.258597 0.224491 0.645255
v 0.238792 0.235521 0.634066
v 0.221567 0.247625 0.619187
v -0.624387 0.260365 -0.120755
v -0.601480 0.273262 -0.119168
v -0.579183 0.285815 -0.112925
v -0.558397 0.297518 -0.102194
v -0.539988 0.307882 -0.087333
v -0.524744 0.316464 -0.068894
v -0.513338 0.322886 -0.047597
v -0.506280 0.326860 -0.024310
v -0.503890 0.328205 -0.000000
v -0.506280 0.326860 0.024310
v -0.513338 0.322886 0.047597
v -0.524744 0.316464 0.068894
v -0.539988 0.307882 0.087333
v -0.558397 0.297517 0.102194
v -0.579183 0.285815 0.112925
v -0.601480 0.273262 0.119168
v -0.624387 0.260365 0.120755
v -0.647015 0.247626 0.117711
v -0.668513 0.235522 0.110233
v -0.688105 0.224491 0.098676
v -0.705106 0.214920 0.083525
v -0.718940 0.207132 0.065374
v -0.729151 0.201383 0.044903
v -0.735411 0.197859 0.022852
v -0.737519 0.196671 0.000000
v -0.735411 0.197859 -0.022852
v -0.729151 0.201383 -0.044903
v -0.718940 0.207132 -0.065374
v -0.705106 0.214920 -0.083525
v -0.688105 0.224492 -0.098676
v -0.668513 0.235522 -0.110233
v -0.647015 0.247626 -0.117711
v 0.000000 0.410253 -0.453203
v 0.866025 -0.143648 -0.500000
v 0.392486 0.410253 -0.226602
v 0.866025 -0.143648 0.500000
v 0.392486 0.410253 0.226602
v 0.000000 0.410253 0.453203
v -0.866025 -0.143648 0.500000
v -0.392486 0.410253 0.226602
v -0.866025 -0.143648 -0.500000
v -0.392486 0.410253 -0.226602
v 0.866025 0.143648 -0.500000
v 0.000000 0.143648 -1.000000
v 0.866025 0.143648 0.500000
v 0.000000 0.143648 1.000000
v -0.866025 0.143648 0.500000
v -0.866025 0.143648 -0.500000
v -0.000000 -0.410253 -0.453203
v -0.392486 -0.410253 -0.226602
v -0.392486 -0.410253 0.226602
v -0.000000 -0.410253 0.453203
v 0.392486 -0.410253 0.226602
v 0.392486 -0.410253 -0.226602
v -0.000000 -0.143648 -1.000000
v -0.000000 -0.143648 1.000000
v 1.112697 -0.602283 -0.109204
v 1.100477 -0.619735 -0.107106
v 1.088727 -0.636516 -0.100891
v 1.077898 -0.651981 -0.090800
v 1.068406 -0.665537 -0.077219
v 1.060616 -0.676662 -0.060671
v 1.054828 -0.684928 -0.041791
v 1.051263 -0.690019 -0.021305
v 1.050060 -0.691738 -0.000000
v 1.051263 -0.690019 0.021305
v 1.054828 -0.684928 0.041791
v 1.060616 -0.676662 0.060671
v 1.068406 -0.665537 0.077219
v 1.077898 -0.651981 0.090800
v 1.088727 -0.636516 0.100891
v 1.100477 -0.619735 0.107106
v 1.112697 -0.602283 0.109204
v 1.124917 -0.584831 0.107106
v 1.136667 -0.568050 0.100891
v 1.147496 -0.552584 0.090800
v 1.156988 -0.539029 0.077219
v 1.164778 -0.527904 0.060671
v 1.170566 -0.519638 0.041791
v 1.174130 -0.514547 0.021305
v 1.175334 -0.512828 -0.000000
v 1.174130 -0.514547 -0.021305
v 1.170566 -0.519638 -0.041791
v 1.164778 -0.527904 -0.060671
v 1.156988 -0.539029 -0.077219
v 1.147496 -0.552584 -0.090800
v 1.136667 -0.568050 -0.100891
v 1.124917 -0.584831 -0.107106
v 1.042555 -0.553169 -0.114412
v 1.029753 -0.571453 -0.112214
v 1.017442 -0.589035 -0.105703
v 1.006096 -0.605238 -0.095130
v 0.996152 -0.619440 -0.080902
v 0.987991 -0.631095 -0.063564
v 0.981927 -0.639756 -0.043784
v 0.978192 -0.645089 -0.022321
v 0.976931 -0.646890 -0.000000
v 0.978192 -0.645089 0.022321
v 0.981927 -0.639756 0.043784
v 0.987991 -0.631095 0.063564
v 0.996152 -0.619440 0.080902
v 1.006096 -0.605238 0.095130
v 1.017442 -0.589035 0.105703
v 1.029753 -0.571453 0.112214
v 1.042555 -0.553169 0.114412
v 1.055358 -0.534885 0.112214
v 1.067669 -0.517304 0.105703
v 1.079014 -0.501101 0.095130
v 1.088959 -0.486899 0.080902
v 1.097120 -0.475243 0.063564
v 1.103184 -0.466582 0.043784
v 1.106918 -0.461249 0.022321
v 1.108179 -0.459448 -0.000000
v 1.106918 -0.461249 -0.022321
v 1.103184 -0.466582 -0.043784
v 1.097120 -0.475243 -0.063564
v 1.088959 -0.486899 -0.080902
v 1.079014 -0.501101 -0.095130
v 1.067669 -0.517304 -0.105703
v 1.055358 -0.534885 -0.112214
v 1.023529 -0.560789 -0.086244
v 1.014068 -0.574302 -0.081241
v 1.005348 -0.586755 -0.073115
v 0.997705 -0.597671 -0.062179
v 0.991432 -0.606629 -0.048854
v 0.986771 -0.613285 -0.033651
v 0.983901 -0.617384 -0.017155
v 0.982932 -0.618768 -0.000000
v 0.983901 -0.617384 0.017155
v 0.986771 -0.613285 0.033651
v 0.991432 -0.606629 0.048854
v 0.997705 -0.597671 0.062179
v 1.005348 -0.586755 0.073115
v 1.014068 -0.574302 0.081241
v 1.023529 -0.560789 0.086244
v 1.033369 -0.546737 0.087934
v 1.043209 -0.532684 0.086244
v 1.052670 -0.519172 0.081241
v 1.061390 -0.506718 0.073115
v 1.069033 -0.495803 0.062179
v 1.075306 -0.486845 0.048854
v 1.079967 -0.480188 0.033651
v 1.082837 -0.476089 0.017155
v 1.083806 -0.474705 -0.000000
v 1.082837 -0.476089 -0.017155
v 1.079967 -0.480188 -0.033651
v 1.075306 -0.486845 -0.048854
v 1.069033 -0.495803 -0.062179
v 1.061390 -0.506718 -0.073115
v 1.052670 -0.519172 -0.081241
v 1.043209 -0.532684 -0.086244
v 1.033369 -0.546737 -0.087934
v -0.650922 -0.602283 -0.909022
v -0.642995 -0.619735 -0.899488
v -0.631738 -0.636516 -0.892419
v -0.617584 -0.651981 -0.888087
v -0.601077 -0.665537 -0.886657
v -0.582850 -0.676662 -0.888185
v -0.563606 -0.684928 -0.892612
v -0.544082 -0.690019 -0.899769
v -0.525030 -0.691738 -0.909379
v -0.507182 -0.690019 -0.921073
v -0.491222 -0.684928 -0.934403
v -0.477766 -0.676662 -0.948856
v -0.467330 -0.665537 -0.963876
v -0.460314 -0.651981 -0.978887
v -0.456989 -0.636516 -0.993311
v -0.457482 -0.619735 -1.006594
v -0.461775 -0.602283 -1.018226
v -0.469702 -0.584831 -1.027759
v -0.480959 -0.568050 -1.034828
v -0.495113 -0.552584 -1.039160
v -0.511621 -0.539029 -1.040590
v -0.529847 -0.527904 -1.039062
v -0.549091 -0.519638 -1.034635
v -0.568615 -0.514547 -1.027479
v -0.587667 -0.512828 -1.017869
v -0.605516 -0.514547 -1.006174
v -0.621475 -0.519638 -0.992844
v -0.634931 -0.527904 -0.978392
v -0.645368 -0.539029 -0.963371
v -0.652383 -0.552584 -0.948361
v -0.655708 -0.568050 -0.933937
v -0.655215 -0.584831 -0.920654
v -0.620362 -0.553169 -0.845673
v -0.612056 -0.571453 -0.835685
v -0.600263 -0.589035 -0.828279
v -0.585434 -0.605238 -0.823740
v -0.568139 -0.619440 -0.822242
v -0.549044 -0.631095 -0.823843
v -0.528881 -0.639756 -0.828481
v -0.508426 -0.645089 -0.835979
v -0.488466 -0.646890 -0.846047
v -0.469766 -0.645089 -0.858300
v -0.453046 -0.639756 -0.872265
v -0.438948 -0.631095 -0.887407
v -0.428014 -0.619440 -0.903144
v -0.420663 -0.605238 -0.918870
v -0.417180 -0.589035 -0.933982
v -0.417697 -0.571453 -0.947899
v -0.422194 -0.553169 -0.960085
v -0.430499 -0.534885 -0.970074
v -0.442293 -0.517304 -0.977479
v -0.457122 -0.501101 -0.982019
v -0.474417 -0.486899 -0.983517
v -0.493512 -0.475243 -0.981915
v -0.513674 -0.466582 -0.977277
v -0.534129 -0.461249 -0.969780
v -0.554090 -0.459448 -0.959711
v -0.572790 -0.461249 -0.947459
v -0.589510 -0.466582 -0.933493
v -0.603608 -0.475243 -0.918351
v -0.614542 -0.486899 -0.902615
v -0.621892 -0.501101 -0.886888
v -0.625376 -0.517304 -0.871777
v -0.624859 -0.534885 -0.857860
v -0.586455 -0.560789 -0.843280
v -0.577390 -0.574302 -0.837588
v -0.565993 -0.586755 -0.834099
v -0.552701 -0.597671 -0.832948
v -0.538025 -0.606629 -0.834179
v -0.522528 -0.613285 -0.837744
v -0.506808 -0.617384 -0.843506
v -0.491466 -0.618768 -0.851244
v -0.477094 -0.617384 -0.860661
v -0.464243 -0.613285 -0.871394
v -0.453408 -0.606629 -0.883032
v -0.445004 -0.597671 -0.895127
v -0.439355 -0.586755 -0.907214
v -0.436678 -0.574302 -0.918828
v -0.437075 -0.560789 -0.929524
v -0.440531 -0.546737 -0.938891
v -0.446915 -0.532684 -0.946567
v -0.455979 -0.519172 -0.952259
v -0.467376 -0.506718 -0.955748
v -0.480668 -0.495803 -0.956899
v -0.495345 -0.486845 -0.955669
v -0.510841 -0.480188 -0.952104
v -0.526562 -0.476089 -0.946342
v -0.541903 -0.474705 -0.938603
v -0.556275 -0.476089 -0.929187
v -0.569126 -0.480188 -0.918453
v -0.579961 -0.486845 -0.906815
v -0.588365 -0.495803 -0.894721
v -0.594014 -0.506718 -0.882634
v -0.596692 -0.519172 -0.871019
v -0.596294 -0.532684 -0.860323
v -0.592838 -0.546737 -0.850957
v -0.461775 -0.602283 1.018226
v -0.457482 -0.619735 1.006594
v -0.456989 -0.636516 0.993311
v -0.460314 -0.651981 0.978887
v -0.467329 -0.665537 0.963876
v -0.477766 -0.676662 0.948856
v -0.491222 -0.684928 0.934403
v -0.507181 -0.690019 0.921073
v -0.525030 -0.691738 0.909379
v -0.544082 -0.690019 0.899769
v -0.563606 -0.684928 0.892613
v -0.582850 -0.676662 0.888185
v -0.601076 -0.665537 0.886657
v -0.617584 -0.651981 0.888087
v -0.631738 -0.636516 0.892420
v -0.642995 -0.619735 0.899488
v -0.650922 -0.602283 0.909022
v -0.655215 -0.584831 0.920654
v -0.655708 -0.568050 0.933937
v -0.652383 -0.552584 0.948361
v -0.645367 -0.539029 0.963371
v -0.634931 -0.527904 0.978392
v -0.621475 -0.519638 0.992844
v -0.605515 -0.514547 1.006174
v -0.587667 -0.512828 1.017869
v -0.568615 -0.514547 1.027479
v -0.549091 -0.519638 1.034635
v -0.529846 -0.527904 1.039062
v -0.511620 -0.539029 1.040590
v -0.495113 -0.552584 1.039161
v -0.480959 -0.568050 1.034828
v -0.469702 -0.584831 1.027759
v -0.422194 -0.553169 0.960085
v -0.417696 -0.571453 0.947899
v -0.417180 -0.589035 0.933982
v -0.420663 -0.605238 0.918870
v -0.428013 -0.619440 0.903144
v -0.438947 -0.631095 0.887407
v -0.453046 -0.639756 0.872265
v -0.469766 -0.645089 0.858300
v -0.488466 -0.646890 0.846047
v -0.508426 -0.645089 0.835979
v -0.528881 -0.639756 0.828482
v -0.549043 -0.631095 0.823843
v -0.568139 -0.619440 0.822242
v -0.585433 -0.605238 0.823740
v -0.600262 -0.589035 0.828279
v -0.612056 -0.571453 0.835685
v -0.620361 -0.553169 0.845673
v -0.624859 -0.534885 0.857860
v -0.625376 -0.517304 0.871777
v -0.621892 -0.501101 0.886889
v -0.614542 -0.486899 0.902615
v -0.603608 -0.475243 0.918352
v -0.589510 -0.466582 0.933494
v -0.572789 -0.461249 0.947459
v -0.554090 -0.459448 0.959712
v -0.534129 -0.461249 0.969780
v -0.513674 -0.466582 0.977277
v -0.493512 -0.475243 0.981916
v -0.474416 -0.486899 0.983517
v -0.457122 -0.501101 0.982019
v -0.442293 -0.517304 0.977480
v -0.430499 -0.534885 0.970074
v -0.437075 -0.560789 0.929525
v -0.436677 -0.574302 0.918829
v -0.439355 -0.586755 0.907214
v -0.445004 -0.597671 0.895127
v -0.453408 -0.606629 0.883032
v -0.464243 -0.613285 0.871395
v -0.477094 -0.617384 0.860661
v -0.491466 -0.618768 0.851244
v -0.506807 -0.617384 0.843506
v -0.522528 -0.613285 0.837744
v -0.538024 -0.606629 0.834179
v -0.552701 -0.597671 0.832948
v -0.565993 -0.586755 0.834099
v -0.577390 -0.574302 0.837588
v -0.586454 -0.560789 0.843280
v -0.592838 -0.546737 0.850957
v -0.596294 -0.532684 0.860323
v -0.596691 -0.519172 0.871019
v -0.594014 -0.506718 0.882634
v -0.588365 -0.495803 0.894721
v -0.579961 -0.486845 0.906815
v -0.569126 -0.480188 0.918453
v -0.556275 -0.476089 0.929187
v -0.541903 -0.474705 0.938603
v -0.526561 -0.476089 0.946342
v -0.510841 -0.480188 0.952104
v -0.495344 -0.486845 0.955669
v -0.480668 -0.495803 0.956899
v -0.467376 -0.506718 0.955748
v -0.455979 -0.519172 0.952260
v -0.446914 -0.532684 0.946568
v -0.440531 -0.546737 0.938891
v 0.624387 -0.260365 -0.120755
v 0.601480 -0.273262 -0.119168
v 0.579184 -0.285815 -0.112925
v 0.558398 -0.297517 -0.102194
v 0.539988 -0.307882 -0.087333
v 0.524745 -0.316464 -0.068894
v 0.513338 -0.322886 -0.047597
v 0.506280 -0.326860 -0.024310
v 0.503891 -0.328205 -0.000000
v 0.506280 -0.326860 0.024310
v 0.513338 -0.322886 0.047597
v 0.524745 -0.316464 0.068894
v 0.539988 -0.307882 0.087333
v 0.558398 -0.297517 0.102194
v 0.579184 -0.285815 0.112925
v 0.601480 -0.273262 0.119168
v 0.624387 -0.260365 0.120755
v 0.647015 -0.247625 0.117711
v 0.668514 -0.235522 0.110233
v 0.688105 -0.224491 0.098676
v 0.705106 -0.214920 0.083525
v 0.718940 -0.207131 0.065374
v 0.729151 -0.201382 0.044903
v 0.735411 -0.197858 0.022852
v 0.737519 -0.196671 -0.000000
v 0.735411 -0.197858 -0.022852
v 0.729151 -0.201382 -0.044903
v 0.718940 -0.207131 -0.065374
v 0.705106 -0.214920 -0.083525
v 0.688105 -0.224491 -0.098676
v 0.668514 -0.235522 -0.110233
v 0.647015 -0.247625 -0.117711
v -0.416771 -0.260365 -0.480358
v -0.403942 -0.273262 -0.461313
v -0.387388 -0.285815 -0.445125
v -0.367701 -0.297517 -0.432489
v -0.345627 -0.307882 -0.423976
v -0.322036 -0.316464 -0.419995
v -0.297889 -0.322886 -0.420765
v -0.274193 -0.326860 -0.426296
v -0.251945 -0.328205 -0.436382
v -0.232087 -0.326860 -0.450606
v -0.215449 -0.322886 -0.468362
v -0.202709 -0.316464 -0.488889
v -0.194361 -0.307882 -0.511310
v -0.190696 -0.297517 -0.534683
v -0.191796 -0.285815 -0.558050
v -0.197538 -0.273262 -0.580480
v -0.207617 -0.260365 -0.601113
v -0.221567 -0.247625 -0.619187
v -0.238792 -0.235522 -0.634066
v -0.258597 -0.224491 -0.645255
v -0.280219 -0.214920 -0.652402
v -0.302854 -0.207131 -0.655307
v -0.325689 -0.201382 -0.653915
v -0.347915 -0.197858 -0.648310
v -0.368760 -0.196671 -0.638710
v -0.387495 -0.197858 -0.625458
v -0.403463 -0.201382 -0.609012
v -0.416086 -0.207131 -0.589933
v -0.424888 -0.214920 -0.568877
v -0.429509 -0.224491 -0.546579
v -0.429722 -0.235522 -0.523833
v -0.425448 -0.247625 -0.501476
v -0.207617 -0.260365 0.601113
v -0.197538 -0.273262 0.580481
v -0.191796 -0.285815 0.558050
v -0.190696 -0.297517 0.534683
v -0.194361 -0.307882 0.511310
v -0.202709 -0.316464 0.488889
v -0.215449 -0.322886 0.468362
v -0.232087 -0.326860 0.450606
v -0.251945 -0.328205 0.436382
v -0.274193 -0.326860 0.426296
v -0.297889 -0.322886 0.420765
v -0.322036 -0.316464 0.419995
v -0.345627 -0.307882 0.423977
v -0.367701 -0.297517 0.432490
v -0.387388 -0.285815 0.445125
v -0.403942 -0.273262 0.461313
v -0.416770 -0.260365 0.480358
v -0.425448 -0.247625 0.501476
v -0.429721 -0.235522 0.523833
v -0.429508 -0.224491 0.546579
v -0.424888 -0.214920 0.568878
v -0.416086 -0.207131 0.589933
v -0.403463 -0.201382 0.609012
v -0.387495 -0.197858 0.625458
v -0.368760 -0.196671 0.638710
v -0.347915 -0.197858 0.648310
v -0.325688 -0.201382 0.653915
v -0.302854 -0.207131 0.655308
v -0.280218 -0.214920 0.652402
v -0.258597 -0.224491 0.645255
v -0.238792 -0.235522 0.634066
v -0.221567 -0.247625 0.619187
vn 0.8570 0.1148 0.5024
vn 0.7689 0.2720 0.5787
vn 0.6522 0.4201 0.6310
vn 0.5114 0.5534 0.6575
vn 0.3519 0.6667 0.6570
vn 0.1798 0.7558 0.6297
vn 0.0017 0.8171 0.5765
vn -0.1754 0.8484 0.4995
vn -0.3449 0.8484 0.4017
vn -0.5001 0.8171 0.2867
vn -0.6352 0.7558 0.1591
vn -0.7449 0.6667 0.0238
vn -0.8251 0.5534 -0.1141
vn -0.8726 0.4201 -0.2493
vn -0.8856 0.2720 -0.3765
vn -0.8636 0.1148 -0.4909
vn -0.8075 -0.0455 -0.5881
vn -0.7194 -0.2027 -0.6644
vn -0.6027 -0.3508 -0.7167
vn -0.4619 -0.4841 -0.7432
vn -0.3024 -0.5974 -0.7428
vn -0.1303 -0.6865 -0.7154
vn 0.0477 -0.7478 -0.6622
vn 0.2249 -0.7791 -0.5852
vn 0.3944 -0.7791 -0.4874
vn 0.5496 -0.7478 -0.3725
vn 0.6847 -0.6865 -0.2449
vn 0.7944 -0.5974 -0.1095
vn 0.8746 -0.4841 0.0284
vn 0.9221 -0.3508 0.1636
vn 0.4096 0.5736 -0.7094
vn 0.9351 -0.2027 0.2908
vn 0.9131 -0.0455 0.4052
vn -0.0284 -0.5592 0.8285
vn -0.0197 -0.6209 0.7837
vn -0.0248 -0.6790 0.7337
vn -0.0435 -0.7313 0.6807
vn -0.0749 -0.7757 0.6266
vn -0.1180 -0.8107 0.5735
vn -0.1709 -0.8347 0.5234
vn -0.2319 -0.8470 0.4784
vn -0.2983 -0.8470 0.4400
vn -0.3678 -0.8347 0.4098
vn -0.4377 -0.8107 0.3889
vn -0.5052 -0.7757 0.3782
vn -0.5678 -0.7313 0.3780
vn -0.6230 -0.6790 0.3884
vn -0.6688 -0.6209 0.4089
vn -0.7034 -0.5592 0.4388
vn -0.7254 -0.4963 0.4770
vn -0.7340 -0.4346 0.5218
vn -0.7289 -0.3766 0.5718
vn -0.7103 -0.3243 0.6248
vn -0.6788 -0.2798 0.6789
vn -0.6358 -0.2449 0.7320
vn -0.5828 -0.2208 0.7821
vn -0.5219 -0.2085 0.8271
vn -0.4554 -0.2085 0.8655
vn -0.3859 -0.2208 0.8957
vn -0.3160 -0.2449 0.9166
vn -0.2485 -0.2798 0.9273
vn -0.1860 -0.3243 0.9275
vn -0.1307 -0.3765 0.9171
vn -0.0849 -0.4346 0.8966
vn -0.0504 -0.4963 0.8667
vn 0.8587 0.1176 0.4988
vn 0.7706 0.2747 0.5750
vn 0.6540 0.4228 0.6274
vn 0.5132 0.5560 0.6538
vn 0.3537 0.6693 0.6534
vn 0.1817 0.7583 0.6260
vn 0.0037 0.8197 0.5729
vn -0.1734 0.8509 0.4959
vn -0.3428 0.8509 0.3981
vn -0.4980 0.8197 0.2832
vn -0.6330 0.7583 0.1556
vn -0.7427 0.6693 0.0203
vn -0.8228 0.5560 -0.1175
vn -0.8703 0.4228 -0.2527
vn -0.8833 0.2747 -0.3799
vn -0.8613 0.1176 -0.4943
vn -0.8052 -0.0427 -0.5914
vn -0.7172 -0.1998 -0.6676
vn -0.6005 -0.3479 -0.7200
vn -0.4597 -0.4811 -0.7464
vn -0.3003 -0.5944 -0.7460
vn -0.1282 -0.6834 -0.7186
vn 0.0497 -0.7448 -0.6655
vn 0.2268 -0.7760 -0.5885
vn 0.3962 -0.7760 -0.4907
vn 0.5515 -0.7448 -0.3758
vn 0.6865 -0.6834 -0.2483
vn 0.7962 -0.5944 -0.1130
vn 0.8763 -0.4811 0.0249
vn 0.9238 -0.3479 0.1601
vn 0.9368 -0.1998 0.2873
vn 0.9148 -0.0427 0.4016
vn -0.8636 0.1148 0.4909
vn -0.8856 0.2720 0.3765
vn -0.8726 0.4201 0.2493
vn -0.8251 0.5534 0.1141
vn -0.7449 0.6667 -0.0238
vn -0.6352 0.7558 -0.1592
vn -0.5001 0.8171 -0.2867
vn -0.3449 0.8484 -0.4017
vn -0.1754 0.8484 -0.4995
vn 0.0017 0.8171 -0.5765
vn 0.1798 0.7558 -0.6297
vn 0.3519 0.6667 -0.6570
vn 0.5114 0.5534 -0.6575
vn 0.6522 0.4201 -0.6310
vn 0.7689 0.2720 -0.5787
vn 0.8570 0.1148 -0.5024
vn 0.9131 -0.0455 -0.4052
vn 0.9351 -0.2027 -0.2908
vn 0.9221 -0.3508 -0.1636
vn 0.8746 -0.4841 -0.0284
vn 0.7944 -0.5974 0.1095
vn 0.6847 -0.6865 0.2449
vn 0.5496 -0.7478 0.3725
vn 0.3944 -0.7791 0.4874
vn 0.2249 -0.7791 0.5852
vn 0.0477 -0.7478 0.6622
vn -0.1303 -0.6865 0.7154
vn -0.3024 -0.5974 0.7428
vn -0.4619 -0.4841 0.7432
vn -0.6027 -0.3508 0.7167
vn 0.4096 0.5736 0.7094
vn -0.7194 -0.2027 0.6644
vn -0.8075 -0.0455 0.5881
vn -0.7034 -0.5592 -0.4388
vn -0.6688 -0.6209 -0.4089
vn -0.6230 -0.6790 -0.3884
vn -0.5678 -0.7313 -0.3780
vn -0.5052 -0.7757 -0.3782
vn -0.4377 -0.8107 -0.3889
vn -0.3678 -0.8347 -0.4098
vn -0.2983 -0.8470 -0.4400
vn -0.2319 -0.8470 -0.4784
vn -0.1710 -0.8347 -0.5234
vn -0.1180 -0.8107 -0.5735
vn -0.0749 -0.7757 -0.6266
vn -0.0435 -0.7313 -0.6807
vn -0.0248 -0.6790 -0.7337
vn -0.0197 -0.6209 -0.7837
vn -0.0284 -0.5592 -0.8285
vn -0.0504 -0.4963 -0.8667
vn -0.0849 -0.4346 -0.8966
vn -0.1307 -0.3766 -0.9171
vn -0.1860 -0.3243 -0.9275
vn -0.2485 -0.2798 -0.9273
vn -0.3160 -0.2449 -0.9166
vn -0.3859 -0.2208 -0.8957
vn -0.4554 -0.2085 -0.8655
vn -0.5219 -0.2085 -0.8271
vn -0.5828 -0.2208 -0.7821
vn -0.6358 -0.2449 -0.7320
vn -0.6788 -0.2798 -0.6789
vn -0.7103 -0.3243 -0.6248
vn -0.7289 -0.3766 -0.5718
vn -0.7340 -0.4346 -0.5218
vn -0.7254 -0.4963 -0.4770
vn -0.8613 0.1176 0.4943
vn -0.8833 0.2747 0.3799
vn -0.8703 0.4228 0.2527
vn -0.8228 0.5560 0.1175
vn -0.7427 0.6693 -0.0203
vn -0.6330 0.7583 -0.1556
vn -0.4980 0.8197 -0.2832
vn -0.3428 0.8509 -0.3981
vn -0.1734 0.8509 -0.4959
vn 0.0037 0.8197 -0.5729
vn 0.1817 0.7583 -0.6260
vn 0.3537 0.6693 -0.6534
vn 0.5132 0.5560 -0.6538
vn 0.6540 0.4228 -0.6274
vn 0.7706 0.2747 -0.5750
vn 0.8587 0.1176 -0.4988
vn 0.9148 -0.0427 -0.4016
vn 0.9368 -0.1998 -0.2873
vn 0.9238 -0.3479 -0.1601
vn 0.8763 -0.4811 -0.0249
vn 0.7962 -0.5944 0.1129
vn 0.6865 -0.6834 0.2483
vn 0.5515 -0.7448 0.3758
vn 0.3962 -0.7760 0.4907
vn 0.2268 -0.7760 0.5885
vn 0.0497 -0.7448 0.6655
vn -0.1282 -0.6834 0.7186
vn -0.3003 -0.5944 0.7460
vn -0.4597 -0.4811 0.7464
vn -0.6005 -0.3479 0.7200
vn -0.7172 -0.1998 0.6676
vn -0.8052 -0.0427 0.5914
vn 0.0066 0.1148 -0.9934
vn 0.1167 0.2720 -0.9552
vn 0.2204 0.4201 -0.8803
vn 0.3137 0.5534 -0.7716
vn 0.3931 0.6667 -0.6332
vn 0.4554 0.7558 -0.4705
vn 0.4984 0.8171 -0.2898
vn 0.5203 0.8484 -0.0978
vn 0.5203 0.8484 0.0978
vn 0.4984 0.8171 0.2898
vn 0.4554 0.7558 0.4705
vn 0.3931 0.6667 0.6332
vn 0.3137 0.5534 0.7716
vn 0.2204 0.4201 0.8803
vn 0.1167 0.2720 0.9552
vn 0.0066 0.1148 0.9934
vn -0.1056 -0.0455 0.9934
vn -0.2157 -0.2027 0.9552
vn -0.3194 -0.3508 0.8803
vn -0.4127 -0.4841 0.7716
vn -0.4921 -0.5974 0.6332
vn -0.5544 -0.6865 0.4705
vn -0.5974 -0.7478 0.2898
vn -0.6193 -0.7791 0.0978
vn -0.6193 -0.7791 -0.0978
vn -0.5974 -0.7478 -0.2898
vn -0.5544 -0.6865 -0.4705
vn -0.4921 -0.5974 -0.6332
vn -0.4127 -0.4841 -0.7716
vn -0.3194 -0.3508 -0.8803
vn -0.8192 0.5736 -0.0000
vn -0.2157 -0.2027 -0.9552
vn -0.1056 -0.0455 -0.9934
vn 0.7317 -0.5592 -0.3897
vn 0.6885 -0.6209 -0.3747
vn 0.6478 -0.6790 -0.3454
vn 0.6112 -0.7313 -0.3027
vn 0.5801 -0.7757 -0.2484
vn 0.5556 -0.8107 -0.1846
vn 0.5388 -0.8347 -0.1137
vn 0.5302 -0.8470 -0.0384
vn 0.5302 -0.8470 0.0384
vn 0.5388 -0.8347 0.1137
vn 0.5556 -0.8107 0.1846
vn 0.5801 -0.7757 0.2484
vn 0.6112 -0.7313 0.3027
vn 0.6478 -0.6790 0.3454
vn 0.6885 -0.6209 0.3747
vn 0.7317 -0.5592 0.3897
vn 0.7757 -0.4963 0.3897
vn 0.8189 -0.4346 0.3747
vn 0.8596 -0.3766 0.3454
vn 0.8962 -0.3243 0.3027
vn 0.9274 -0.2798 0.2484
vn 0.9518 -0.2449 0.1846
vn 0.9687 -0.2208 0.1137
vn 0.9773 -0.2085 0.0384
vn 0.9773 -0.2085 -0.0384
vn 0.9687 -0.2208 -0.1137
vn 0.9518 -0.2449 -0.1846
vn 0.9274 -0.2798 -0.2484
vn 0.8962 -0.3243 -0.3027
vn 0.8596 -0.3766 -0.3454
vn 0.8189 -0.4346 -0.3747
vn 0.7757 -0.4963 -0.3897
vn 0.0026 0.1176 -0.9931
vn 0.1127 0.2747 -0.9549
vn 0.2163 0.4228 -0.8800
vn 0.3096 0.5560 -0.7714
vn 0.3890 0.6693 -0.6330
vn 0.4513 0.7583 -0.4704
vn 0.4942 0.8197 -0.2897
vn 0.5161 0.8509 -0.0978
vn 0.5161 0.8509 0.0978
vn 0.4942 0.8197 0.2897
vn 0.4513 0.7583 0.4704
vn 0.3890 0.6693 0.6330
vn 0.3096 0.5560 0.7714
vn 0.2163 0.4228 0.8800
vn 0.1127 0.2747 0.9549
vn 0.0026 0.1176 0.9931
vn -0.1096 -0.0427 0.9931
vn -0.2196 -0.1998 0.9549
vn -0.3233 -0.3479 0.8800
vn -0.4166 -0.4811 0.7714
vn -0.4959 -0.5944 0.6330
vn -0.5582 -0.6834 0.4704
vn -0.6012 -0.7448 0.2897
vn -0.6231 -0.7760 0.0978
vn -0.6231 -0.7760 -0.0978
vn -0.6012 -0.7448 -0.2897
vn -0.5582 -0.6834 -0.4704
vn -0.4959 -0.5944 -0.6330
vn -0.4166 -0.4811 -0.7714
vn -0.3233 -0.3479 -0.8800
vn -0.2196 -0.1998 -0.9549
vn -0.1096 -0.0427 -0.9931
vn -0.2453 -0.8714 -0.4249
vn 0.4906 -0.8714 -0.0000
vn -0.2453 -0.8714 0.4249
vn 0.5000 -0.0000 -0.8660
vn 1.0000 -0.0000 -0.0000
vn 0.5000 -0.0000 0.8660
vn -0.5000 -0.0000 0.8660
vn -0.0000 1.0000 -0.0000
vn -1.0000 -0.0000 -0.0000
vn -0.5000 -0.0000 -0.8660
vn 0.2453 0.8714 -0.4249
vn 0.4906 0.8714 -0.0000
vn 0.2453 0.8714 0.4249
vn -0.2453 0.8714 0.4249
vn -0.4906 0.8714 -0.0000
vn -0.2453 0.8714 -0.4249
vn -0.0000 -1.0000 -0.0000
vn -0.4906 -0.8714 -0.0000
vn 0.2453 -0.8714 0.4249
vn 0.2453 -0.8714 -0.4249
vn -0.0066 -0.1148 -0.9934
vn -0.1167 -0.2720 -0.9552
vn -0.2204 -0.4201 -0.8803
vn -0.3137 -0.5534 -0.7716
vn -0.3931 -0.6667 -0.6332
vn -0.4554 -0.7558 -0.4705
vn -0.4984 -0.8171 -0.2898
vn -0.5203 -0.8484 -0.0978
vn -0.5203 -0.8484 0.0978
vn -0.4984 -0.8171 0.2898
vn -0.4554 -0.7558 0.4705
vn -0.3931 -0.6667 0.6332
vn -0.3137 -0.5534 0.7716
vn -0.2204 -0.4201 0.8803
vn -0.1167 -0.2720 0.9552
vn -0.0066 -0.1148 0.9934
vn 0.1056 0.0455 0.9934
vn 0.2157 0.2027 0.9552
vn 0.3194 0.3508 0.8803
vn 0.4127 0.4841 0.7716
vn 0.4921 0.5974 0.6332
vn 0.5544 0.6865 0.4705
vn 0.5974 0.7478 0.2898
vn 0.6193 0.7791 0.0978
vn 0.6193 0.7791 -0.0978
vn 0.5974 0.7478 -0.2898
vn 0.5544 0.6865 -0.4705
vn 0.4921 0.5974 -0.6332
vn 0.4127 0.4841 -0.7716
vn 0.3194 0.3508 -0.8803
vn 0.8192 -0.5736 -0.0000
vn 0.2157 0.2027 -0.9552
vn 0.1056 0.0455 -0.9934
vn -0.7317 0.5592 -0.3897
vn -0.6885 0.6209 -0.3747
vn -0.6479 0.6790 -0.3454
vn -0.6112 0.7313 -0.3027
vn -0.5801 0.7757 -0.2484
vn -0.5556 0.8107 -0.1846
vn -0.5388 0.8347 -0.1137
vn -0.5302 0.8470 -0.0384
vn -0.5302 0.8470 0.0384
vn -0.5388 0.8347 0.1137
vn -0.5556 0.8107 0.1846
vn -0.5801 0.7757 0.2484
vn -0.6112 0.7313 0.3027
vn -0.6479 0.6790 0.3454
vn -0.6885 0.6209 0.3747
vn -0.7317 0.5592 0.3897
vn -0.7757 0.4963 0.3897
vn -0.8189 0.4346 0.3747
vn -0.8596 0.3766 0.3454
vn -0.8962 0.3243 0.3027
vn -0.9274 0.2798 0.2484
vn -0.9518 0.2449 0.1846
vn -0.9687 0.2208 0.1137
vn -0.9773 0.2085 0.0384
vn -0.9773 0.2085 -0.0384
vn -0.9687 0.2208 -0.1137
vn -0.9518 0.2449 -0.1846
vn -0.9274 0.2798 -0.2484
vn -0.8962 0.3243 -0.3027
vn -0.8596 0.3766 -0.3454
vn -0.8189 0.4346 -0.3747
vn -0.7757 0.4963 -0.3897
vn -0.0026 -0.1176 -0.9931
vn -0.1127 -0.2747 -0.9549
vn -0.2163 -0.4228 -0.8800
vn -0.3096 -0.5560 -0.7714
vn -0.3890 -0.6693 -0.6330
vn -0.4513 -0.7583 -0.4704
vn -0.4942 -0.8197 -0.2897
vn -0.5161 -0.8509 -0.0978
vn -0.5161 -0.8509 0.0978
vn -0.4942 -0.8197 0.2897
vn -0.4513 -0.7583 0.4704
vn -0.3890 -0.6693 0.6330
vn -0.3096 -0.5560 0.7714
vn -0.2163 -0.4228 0.8800
vn -0.1127 -0.2747 0.9549
vn -0.0026 -0.1176 0.9931
vn 0.1096 0.0427 0.9931
vn 0.2196 0.1998 0.9549
vn 0.3233 0.3479 0.8800
vn 0.4166 0.4811 0.7714
vn 0.4959 0.5944 0.6330
vn 0.5582 0.6834 0.4704
vn 0.6012 0.7448 0.2897
vn 0.6231 0.7760 0.0978
vn 0.6231 0.7760 -0.0978
vn 0.6012 0.7448 -0.2897
vn 0.5582 0.6834 -0.4704
vn 0.4959 0.5944 -0.6330
vn 0.4166 0.4811 -0.7714
vn 0.3233 0.3479 -0.8800
vn 0.2196 0.1998 -0.9549
vn 0.1096 0.0427 -0.9931
vn -0.8570 -0.1148 0.5024
vn -0.7689 -0.2720 0.5787
vn -0.6522 -0.4201 0.6310
vn -0.5114 -0.5534 0.6575
vn -0.3519 -0.6667 0.6570
vn -0.1798 -0.7558 0.6297
vn -0.0017 -0.8171 0.5765
vn 0.1754 -0.8484 0.4995
vn 0.3449 -0.8484 0.4017
vn 0.5001 -0.8171 0.2867
vn 0.6352 -0.7558 0.1591
vn 0.7449 -0.6667 0.0238
vn 0.8251 -0.5534 -0.1141
vn 0.8726 -0.4201 -0.2493
vn 0.8856 -0.2720 -0.3765
vn 0.8636 -0.1148 -0.4909
vn 0.8075 0.0455 -0.5881
vn 0.7194 0.2027 -0.6644
vn 0.6027 0.3508 -0.7167
vn 0.4619 0.4841 -0.7432
vn 0.3024 0.5974 -0.7428
vn 0.1303 0.6865 -0.7154
vn -0.0477 0.7478 -0.6622
vn -0.2249 0.7791 -0.5852
vn -0.3944 0.7791 -0.4874
vn -0.5496 0.7478 -0.3725
vn -0.6847 0.6865 -0.2449
vn -0.7944 0.5974 -0.1095
vn -0.8746 0.4841 0.0284
vn -0.9221 0.3508 0.1636
vn -0.4096 -0.5736 -0.7094
vn -0.9351 0.2027 0.2908
vn -0.9131 0.0455 0.4052
vn 0.0284 0.5592 0.8285
vn 0.0197 0.6209 0.7837
vn 0.0248 0.6790 0.7337
vn 0.0435 0.7313 0.6807
vn 0.0749 0.7757 0.6266
vn 0.1180 0.8107 0.5735
vn 0.1709 0.8347 0.5234
vn 0.2319 0.8470 0.4784
vn 0.2983 0.8470 0.4400
vn 0.3678 0.8347 0.4098
vn 0.4377 0.8107 0.3889
vn 0.5052 0.7757 0.3782
vn 0.5678 0.7313 0.3780
vn 0.6230 0.6790 0.3884
vn 0.6688 0.6209 0.4089
vn 0.7034 0.5592 0.4388
vn 0.7254 0.4963 0.4770
vn 0.7340 0.4346 0.5218
vn 0.7289 0.3766 0.5718
vn 0.7103 0.3243 0.6248
vn 0.6788 0.2798 0.6789
vn 0.6358 0.2449 0.7320
vn 0.5828 0.2208 0.7821
vn 0.5219 0.2085 0.8271
vn 0.4554 0.2085 0.8655
vn 0.3859 0.2208 0.8957
vn 0.3160 0.2449 0.9166
vn 0.2485 0.2798 0.9273
vn 0.1860 0.3243 0.9275
vn 0.1307 0.3766 0.9171
vn 0.0849 0.4346 0.8966
vn 0.0504 0.4963 0.8667
vn -0.8587 -0.1176 0.4988
vn -0.7706 -0.2747 0.5750
vn -0.6540 -0.4228 0.6274
vn -0.5132 -0.5560 0.6538
vn -0.3537 -0.6693 0.6534
vn -0.1817 -0.7583 0.6260
vn -0.0037 -0.8197 0.5729
vn 0.1734 -0.8509 0.4959
vn 0.3428 -0.8509 0.3981
vn 0.4980 -0.8197 0.2832
vn 0.6330 -0.7583 0.1556
vn 0.7427 -0.6693 0.0203
vn 0.8228 -0.5560 -0.1175
vn 0.8703 -0.4228 -0.2527
vn 0.8833 -0.2747 -0.3799
vn 0.8613 -0.1176 -0.4943
vn 0.8052 0.0427 -0.5914
vn 0.7172 0.1998 -0.6676
vn 0.6005 0.3479 -0.7200
vn 0.4597 0.4811 -0.7464
vn 0.3003 0.5944 -0.7460
vn 0.1282 0.6834 -0.7186
vn -0.0497 0.7448 -0.6655
vn -0.2268 0.7760 -0.5885
vn -0.3962 0.7760 -0.4907
vn -0.5514 0.7448 -0.3758
vn -0.6865 0.6834 -0.2483
vn -0.7962 0.5944 -0.1130
vn -0.8763 0.4811 0.0249
vn -0.9238 0.3479 0.1601
vn -0.9368 0.1998 0.2873
vn -0.9148 0.0427 0.4016
vn 0.8636 -0.1148 0.4909
vn 0.8856 -0.2720 0.3765
vn 0.8726 -0.4201 0.2493
vn 0.8251 -0.5534 0.1141
vn 0.7449 -0.6667 -0.0238
vn 0.6352 -0.7558 -0.1592
vn 0.5001 -0.8171 -0.2867
vn 0.3449 -0.8484 -0.4017
vn 0.1754 -0.8484 -0.4995
vn -0.0017 -0.8171 -0.5765
vn -0.1798 -0.7558 -0.6297
vn -0.3519 -0.6667 -0.6570
vn -0.5114 -0.5534 -0.6575
vn -0.6522 -0.4201 -0.6310
vn -0.7689 -0.2720 -0.5787
vn -0.8570 -0.1148 -0.5024
vn -0.9131 0.0455 -0.4052
vn -0.9351 0.2027 -0.2908
vn -0.9221 0.3508 -0.1636
vn -0.8746 0.4841 -0.0284
vn -0.7944 0.5974 0.1095
vn -0.6847 0.6865 0.2449
vn -0.5496 0.7478 0.3725
vn -0.3944 0.7791 0.4874
vn -0.2249 0.7791 0.5852
vn -0.0477 0.7478 0.6622
vn 0.1303 0.6865 0.7154
vn 0.3024 0.5974 0.7428
vn 0.4619 0.4841 0.7432
vn 0.6027 0.3508 0.7167
vn -0.4096 -0.5736 0.7094
vn 0.7194 0.2027 0.6644
vn 0.8075 0.0455 0.5881
vn 0.7034 0.5592 -0.4388
vn 0.6688 0.6209 -0.4089
vn 0.6230 0.6790 -0.3884
vn 0.5678 0.7313 -0.3780
vn 0.5052 0.7757 -0.3782
vn 0.4377 0.8107 -0.3889
vn 0.3678 0.8347 -0.4098
vn 0.2983 0.8470 -0.4400
vn 0.2319 0.8470 -0.4784
vn 0.1709 0.8347 -0.5234
vn 0.1180 0.8107 -0.5735
vn 0.0749 0.7757 -0.6266
vn 0.0435 0.7313 -0.6807
vn 0.0248 0.6790 -0.7337
vn 0.0197 0.6209 -0.7837
vn 0.0284 0.5592 -0.8285
vn 0.0504 0.4963 -0.8667
vn 0.0849 0.4346 -0.8966
vn 0.1307 0.3766 -0.9171
vn 0.1860 0.3243 -0.9275
vn 0.2485 0.2798 -0.9273
vn 0.3160 0.2449 -0.9166
vn 0.3859 0.2208 -0.8957
vn 0.4554 0.2085 -0.8655
vn 0.5219 0.2085 -0.8271
vn 0.5828 0.2208 -0.7821
vn 0.6358 0.2449 -0.7320
vn 0.6788 0.2798 -0.6789
vn 0.7103 0.3243 -0.6248
vn 0.7289 0.3766 -0.5718
vn 0.7340 0.4346 -0.5218
vn 0.7254 0.4963 -0.4770
vn 0.8613 -0.1176 0.4943
vn 0.8833 -0.2747 0.3799
vn 0.8703 -0.4228 0.2527
vn 0.8228 -0.5560 0.1175
vn 0.7427 -0.6693 -0.0203
vn 0.6330 -0.7583 -0.1556
vn 0.4980 -0.8197 -0.2832
vn 0.3428 -0.8509 -0.3981
vn 0.1734 -0.8509 -0.4959
vn -0.0037 -0.8197 -0.5729
vn -0.1817 -0.7583 -0.6260
vn -0.3537 -0.6693 -0.6534
vn -0.5132 -0.5560 -0.6538
vn -0.6540 -0.4228 -0.6274
vn -0.7706 -0.2747 -0.5750
vn -0.8587 -0.1176 -0.4988
vn -0.9148 0.0427 -0.4016
vn -0.9368 0.1998 -0.2873
vn -0.9238 0.3479 -0.1600
vn -0.8763 0.4811 -0.0249
vn -0.7962 0.5944 0.1129
vn -0.6865 0.6834 0.2483
vn -0.5514 0.7448 0.3758
vn -0.3962 0.7760 0.4907
vn -0.2268 0.7760 0.5885
vn -0.0497 0.7448 0.6655
vn 0.1282 0.6834 0.7187
vn 0.3003 0.5944 0.7460
vn 0.4597 0.4811 0.7464
vn 0.6005 0.3479 0.7200
vn 0.7172 0.1998 0.6676
vn 0.8052 0.0427 0.5914
vt 0.945887 0.691428
vt 0.933047 0.690860
vt 0.932991 0.688409
vt 0.945828 0.688860
vt 0.932949 0.685599
vt 0.945784 0.685917
vt 0.932923 0.682539
vt 0.945757 0.682710
vt 0.932915 0.679344
vt 0.945748 0.679363
vt 0.932923 0.676140
vt 0.945757 0.676006
vt 0.932949 0.673048
vt 0.945784 0.672767
vt 0.932991 0.670188
vt 0.945828 0.669770
vt 0.933047 0.667668
vt 0.945887 0.667131
vt 0.870487 0.767652
vt 0.883309 0.768325
vt 0.883418 0.770452
vt 0.870602 0.769881
vt 0.883505 0.773009
vt 0.870693 0.772560
vt 0.883564 0.775898
vt 0.870755 0.775586
vt 0.883594 0.779006
vt 0.870787 0.778842
vt 0.883594 0.782215
vt 0.870787 0.782204
vt 0.883564 0.785401
vt 0.870755 0.785542
vt 0.883505 0.788442
vt 0.870693 0.788728
vt 0.883418 0.791221
vt 0.870602 0.791641
vt 0.883309 0.793632
vt 0.870487 0.794166
vt 0.933222 0.545660
vt 0.946092 0.546206
vt 0.945967 0.548627
vt 0.933092 0.548197
vt 0.945875 0.551414
vt 0.932994 0.551117
vt 0.945818 0.554461
vt 0.932935 0.554309
vt 0.945799 0.557649
vt 0.932915 0.557649
vt 0.945818 0.560857
vt 0.932935 0.561010
vt 0.945875 0.563961
vt 0.932994 0.564263
vt 0.945967 0.566842
vt 0.933092 0.567281
vt 0.946092 0.569390
vt 0.933222 0.569949
vt 0.707793 0.822064
vt 0.694918 0.821570
vt 0.695005 0.819013
vt 0.707883 0.819385
vt 0.695064 0.816125
vt 0.707945 0.816359
vt 0.695094 0.813016
vt 0.707977 0.813102
vt 0.695094 0.809807
vt 0.707977 0.809741
vt 0.695064 0.806621
vt 0.707945 0.806402
vt 0.760790 0.769478
vt 0.763681 0.768263
vt 0.766751 0.767652
vt 0.769881 0.767668
vt 0.772951 0.768312
vt 0.775843 0.769557
vt 0.778445 0.771357
vt 0.780658 0.773641
vt 0.782397 0.776323
vt 0.783595 0.779299
vt 0.784206 0.782455
vt 0.784206 0.785669
vt 0.783595 0.788819
vt 0.782397 0.791782
vt 0.780658 0.794445
vt 0.778445 0.796706
vt 0.775843 0.798479
vt 0.772951 0.799693
vt 0.769881 0.800304
vt 0.766751 0.800288
vt 0.763681 0.799644
vt 0.760790 0.798399
vt 0.758187 0.796600
vt 0.755974 0.794315
vt 0.754235 0.791633
vt 0.753037 0.788657
vt 0.752427 0.785501
vt 0.752427 0.782287
vt 0.753037 0.779137
vt 0.754235 0.776174
vt 0.755974 0.773511
vt 0.758187 0.771250
vt 0.695005 0.803580
vt 0.707883 0.803216
vt 0.694918 0.800801
vt 0.707793 0.800304
vt 0.909662 0.561324
vt 0.907721 0.557819
vt 0.910830 0.556530
vt 0.912052 0.560333
vt 0.907511 0.562762
vt 0.904922 0.559690
vt 0.905682 0.564593
vt 0.902542 0.562072
vt 0.904245 0.566745
vt 0.900672 0.564873
vt 0.903255 0.569137
vt 0.899384 0.567985
vt 0.902750 0.571676
vt 0.898728 0.571288
vt 0.902750 0.574265
vt 0.898728 0.574657
vt 0.903255 0.576804
vt 0.899384 0.577961
vt 0.904245 0.579196
vt 0.900672 0.581073
vt 0.905682 0.581349
vt 0.902542 0.583874
vt 0.907511 0.583180
vt 0.904922 0.586256
vt 0.909662 0.584618
vt 0.907721 0.588127
vt 0.912052 0.585609
vt 0.910830 0.589417
vt 0.914589 0.586114
vt 0.914131 0.590074
vt 0.917176 0.586114
vt 0.917497 0.590074
vt 0.919713 0.585609
vt 0.920798 0.589417
vt 0.922103 0.584619
vt 0.923908 0.588128
vt 0.924254 0.583181
vt 0.926706 0.586257
vt 0.926083 0.581350
vt 0.929086 0.583875
vt 0.927520 0.579197
vt 0.930956 0.581074
vt 0.928510 0.576806
vt 0.932244 0.577962
vt 0.929015 0.574266
vt 0.932901 0.574658
vt 0.929015 0.571677
vt 0.932901 0.571290
vt 0.928510 0.569138
vt 0.932244 0.567986
vt 0.927520 0.566746
vt 0.930956 0.564874
vt 0.926083 0.564594
vt 0.929086 0.562073
vt 0.924254 0.562763
vt 0.926706 0.559691
vt 0.922103 0.561324
vt 0.923908 0.557820
vt 0.919713 0.560333
vt 0.920798 0.556530
vt 0.917176 0.559828
vt 0.917497 0.555873
vt 0.914589 0.559828
vt 0.914131 0.555873
vt 0.764524 0.596293
vt 0.771487 0.521672
vt 0.773460 0.521716
vt 0.767092 0.598053
vt 0.775722 0.521785
vt 0.770098 0.599802
vt 0.778185 0.521876
vt 0.773429 0.601472
vt 0.780754 0.521985
vt 0.776957 0.602992
vt 0.783332 0.522109
vt 0.780538 0.604299
vt 0.785818 0.522242
vt 0.784026 0.605336
vt 0.788118 0.522380
vt 0.787273 0.606056
vt 0.790142 0.522517
vt 0.790142 0.606428
vt 0.655382 0.606653
vt 0.655382 0.522821
vt 0.657087 0.522636
vt 0.657798 0.606213
vt 0.659139 0.522451
vt 0.660696 0.605426
vt 0.661458 0.522272
vt 0.663951 0.604326
vt 0.663956 0.522106
vt 0.667424 0.602963
vt 0.666535 0.521961
vt 0.670972 0.601394
vt 0.669098 0.521840
vt 0.674448 0.599687
vt 0.671546 0.521750
vt 0.677717 0.597911
vt 0.673784 0.521693
vt 0.680653 0.596138
vt 0.675727 0.521672
vt 0.683150 0.594434
vt 0.779506 0.692502
vt 0.781458 0.692513
vt 0.782154 0.764359
vt 0.779506 0.765949
vt 0.783703 0.692485
vt 0.785171 0.762857
vt 0.786156 0.692418
vt 0.788439 0.761498
vt 0.788721 0.692315
vt 0.791838 0.760328
vt 0.791301 0.692181
vt 0.795245 0.759387
vt 0.793796 0.692021
vt 0.798541 0.758707
vt 0.796110 0.691840
vt 0.801610 0.758309
vt 0.798154 0.691645
vt 0.804346 0.758207
vt 0.847833 0.521827
vt 0.842933 0.588968
vt 0.840231 0.588296
vt 0.845779 0.521672
vt 0.850155 0.521971
vt 0.845984 0.589921
vt 0.852655 0.522098
vt 0.849279 0.591124
vt 0.855236 0.522205
vt 0.852701 0.592537
vt 0.857801 0.522287
vt 0.856128 0.594110
vt 0.860250 0.522341
vt 0.859433 0.595788
vt 0.862489 0.522364
vt 0.862489 0.597510
vt 0.668565 0.822078
vt 0.655975 0.821446
vt 0.655684 0.818866
vt 0.668260 0.819375
vt 0.655484 0.815961
vt 0.668050 0.816331
vt 0.655382 0.812843
vt 0.667943 0.813065
vt 0.655382 0.809632
vt 0.667943 0.809700
vt 0.655484 0.806451
vt 0.668050 0.806368
vt 0.655684 0.803423
vt 0.668260 0.803195
vt 0.655975 0.800663
vt 0.668565 0.800304
vt 0.897976 0.767652
vt 0.910765 0.768156
vt 0.910447 0.770572
vt 0.897643 0.770184
vt 0.910211 0.773356
vt 0.897396 0.773100
vt 0.910066 0.776400
vt 0.897243 0.776290
vt 0.910017 0.779588
vt 0.897192 0.779629
vt 0.910066 0.782796
vt 0.897243 0.782990
vt 0.910211 0.785902
vt 0.897396 0.786244
vt 0.910447 0.788786
vt 0.897643 0.789266
vt 0.910765 0.791337
vt 0.897976 0.791939
vt 0.830978 0.767652
vt 0.843748 0.768174
vt 0.843377 0.770331
vt 0.830590 0.769911
vt 0.843087 0.772911
vt 0.830286 0.772615
vt 0.842886 0.775816
vt 0.830076 0.775658
vt 0.842784 0.778934
vt 0.829969 0.778925
vt 0.842784 0.782145
vt 0.829969 0.782289
vt 0.842886 0.785326
vt 0.830076 0.785621
vt 0.843087 0.788354
vt 0.830286 0.788794
vt 0.843377 0.791113
vt 0.830590 0.791685
vt 0.843748 0.793498
vt 0.830978 0.794183
vt 0.945831 0.788592
vt 0.932980 0.788063
vt 0.932952 0.785513
vt 0.945802 0.785921
vt 0.932932 0.782631
vt 0.945781 0.782901
vt 0.932919 0.779526
vt 0.945767 0.779648
vt 0.932915 0.776317
vt 0.945763 0.776287
vt 0.932919 0.773129
vt 0.945767 0.772947
vt 0.932932 0.770084
vt 0.945781 0.769756
vt 0.900585 0.750953
vt 0.899355 0.747982
vt 0.898728 0.744829
vt 0.898728 0.741614
vt 0.899355 0.738460
vt 0.900584 0.735490
vt 0.902370 0.732816
vt 0.904642 0.730543
vt 0.907314 0.728757
vt 0.910283 0.727526
vt 0.913435 0.726899
vt 0.916649 0.726899
vt 0.919801 0.727526
vt 0.922770 0.728757
vt 0.925443 0.730543
vt 0.927715 0.732816
vt 0.929501 0.735490
vt 0.930731 0.738460
vt 0.931358 0.741614
vt 0.931358 0.744829
vt 0.930732 0.747982
vt 0.929502 0.750953
vt 0.927717 0.753626
vt 0.925444 0.755900
vt 0.922772 0.757686
vt 0.919803 0.758916
vt 0.916651 0.759543
vt 0.913437 0.759543
vt 0.910285 0.758916
vt 0.907316 0.757686
vt 0.904643 0.755899
vt 0.902371 0.753626
vt 0.932952 0.767299
vt 0.945802 0.766838
vt 0.932980 0.764880
vt 0.945831 0.764304
vt 0.905033 0.718183
vt 0.902439 0.720740
vt 0.900620 0.717946
vt 0.903635 0.716036
vt 0.906813 0.720007
vt 0.904755 0.723114
vt 0.908906 0.721438
vt 0.907478 0.724975
vt 0.911231 0.722420
vt 0.910503 0.726253
vt 0.913700 0.722917
vt 0.913715 0.726899
vt 0.916216 0.722908
vt 0.916990 0.726888
vt 0.918685 0.722394
vt 0.920202 0.726219
vt 0.921010 0.721395
vt 0.923227 0.724920
vt 0.923103 0.719950
vt 0.925950 0.723039
vt 0.924883 0.718113
vt 0.928266 0.720649
vt 0.926281 0.715956
vt 0.930085 0.717842
vt 0.927244 0.713561
vt 0.931338 0.714726
vt 0.927735 0.711020
vt 0.931977 0.711420
vt 0.927735 0.708431
vt 0.931977 0.708052
vt 0.927244 0.705894
vt 0.931338 0.704751
vt 0.926281 0.703506
vt 0.930085 0.701644
vt 0.924883 0.701359
vt 0.928266 0.698849
vt 0.923103 0.699534
vt 0.925950 0.696476
vt 0.921010 0.698104
vt 0.923227 0.694614
vt 0.918685 0.697121
vt 0.920202 0.693336
vt 0.916216 0.696625
vt 0.916990 0.692690
vt 0.913700 0.696634
vt 0.913715 0.692702
vt 0.911231 0.697147
vt 0.910503 0.693370
vt 0.908906 0.698146
vt 0.907478 0.694670
vt 0.906813 0.699592
vt 0.904755 0.696551
vt 0.905033 0.701429
vt 0.902439 0.698941
vt 0.903635 0.703586
vt 0.900620 0.701747
vt 0.902672 0.705981
vt 0.899367 0.704864
vt 0.902181 0.708522
vt 0.898728 0.708169
vt 0.902181 0.711110
vt 0.898728 0.711537
vt 0.902672 0.713647
vt 0.899366 0.714839
vt 0.817261 0.679516
vt 0.823504 0.606312
vt 0.825588 0.606143
vt 0.819999 0.680949
vt 0.827931 0.606056
vt 0.823134 0.682448
vt 0.830443 0.606053
vt 0.826551 0.683954
vt 0.833028 0.606134
vt 0.830114 0.685406
vt 0.835585 0.606297
vt 0.833679 0.686744
vt 0.838017 0.606535
vt 0.837100 0.687910
vt 0.840231 0.606839
vt 0.840231 0.688855
vt 0.740710 0.522646
vt 0.741527 0.606344
vt 0.738755 0.605923
vt 0.738755 0.522474
vt 0.742958 0.522739
vt 0.744711 0.606299
vt 0.745412 0.522751
vt 0.748171 0.605790
vt 0.747978 0.522680
vt 0.751761 0.604843
vt 0.750557 0.522529
vt 0.755332 0.603499
vt 0.753051 0.522305
vt 0.758737 0.601818
vt 0.755363 0.522015
vt 0.761840 0.599874
vt 0.757405 0.521672
vt 0.764524 0.597749
vt 0.790142 0.600482
vt 0.791890 0.600703
vt 0.792543 0.675353
vt 0.790142 0.676749
vt 0.793976 0.600843
vt 0.795375 0.673866
vt 0.796320 0.600899
vt 0.798525 0.672346
vt 0.798832 0.600869
vt 0.801870 0.670851
vt 0.801415 0.600753
vt 0.805285 0.669432
vt 0.803970 0.600556
vt 0.808646 0.668142
vt 0.806399 0.600286
vt 0.811835 0.667024
vt 0.808608 0.599952
vt 0.814740 0.666116
vt 0.810513 0.599569
vt 0.817261 0.665450
vt 0.686392 0.691645
vt 0.688444 0.691722
vt 0.682933 0.758188
vt 0.680215 0.757929
vt 0.690763 0.691818
vt 0.685990 0.758781
vt 0.693261 0.691929
vt 0.689278 0.759687
vt 0.695841 0.692050
vt 0.692684 0.760879
vt 0.698405 0.692178
vt 0.696086 0.762316
vt 0.700854 0.692306
vt 0.699360 0.763948
vt 0.703093 0.692432
vt 0.702384 0.765720
vt 0.705037 0.692548
vt 0.705037 0.767566
vt 0.945701 0.545660
vt 0.932915 0.545351
vt 0.933236 0.543219
vt 0.946038 0.543427
vt 0.933475 0.540660
vt 0.946288 0.540745
vt 0.933622 0.537770
vt 0.946442 0.537717
vt 0.933672 0.534661
vt 0.946494 0.534460
vt 0.933622 0.531452
vt 0.946442 0.531099
vt 0.933475 0.528268
vt 0.946288 0.527763
vt 0.933236 0.525230
vt 0.946038 0.524579
vt 0.932915 0.522455
vt 0.945701 0.521672
vt 0.932983 0.691428
vt 0.945850 0.691990
vt 0.945822 0.694425
vt 0.932954 0.693980
vt 0.945801 0.697223
vt 0.932932 0.696911
vt 0.945789 0.700277
vt 0.932919 0.700110
vt 0.945784 0.703468
vt 0.932915 0.703453
vt 0.945789 0.706674
vt 0.932919 0.706812
vt 0.945801 0.709772
vt 0.932932 0.710058
vt 0.945822 0.712644
vt 0.932954 0.713067
vt 0.945850 0.715178
vt 0.932983 0.715722
vt 0.932915 0.642833
vt 0.945754 0.643402
vt 0.945812 0.645852
vt 0.932976 0.645400
vt 0.945855 0.648662
vt 0.933021 0.648344
vt 0.945882 0.651722
vt 0.933049 0.651550
vt 0.945891 0.654916
vt 0.933059 0.654896
vt 0.945882 0.658120
vt 0.933049 0.658253
vt 0.945855 0.661213
vt 0.933021 0.661493
vt 0.945812 0.664074
vt 0.932976 0.664491
vt 0.945754 0.666593
vt 0.932915 0.667131
vt 0.924249 0.791914
vt 0.911834 0.791170
vt 0.911380 0.788800
vt 0.923773 0.789432
vt 0.911043 0.786053
vt 0.923420 0.786553
vt 0.910835 0.783032
vt 0.923202 0.783388
vt 0.910765 0.779855
vt 0.923128 0.780060
vt 0.910835 0.776643
vt 0.923202 0.776695
vt 0.911043 0.773520
vt 0.923420 0.773422
vt 0.702520 0.800296
vt 0.699408 0.799666
vt 0.696476 0.798433
vt 0.693838 0.796645
vt 0.691595 0.794369
vt 0.689832 0.791695
vt 0.688618 0.788723
vt 0.687999 0.785569
vt 0.687999 0.782354
vt 0.688618 0.779202
vt 0.689832 0.776232
vt 0.691595 0.773560
vt 0.693838 0.771289
vt 0.696476 0.769505
vt 0.699408 0.768276
vt 0.702520 0.767652
vt 0.705692 0.767654
vt 0.708804 0.768284
vt 0.711735 0.769517
vt 0.714373 0.771305
vt 0.716617 0.773580
vt 0.718380 0.776255
vt 0.719594 0.779227
vt 0.720213 0.782380
vt 0.720213 0.785596
vt 0.719594 0.788749
vt 0.718380 0.791718
vt 0.716617 0.794390
vt 0.714373 0.796661
vt 0.711735 0.798445
vt 0.708804 0.799673
vt 0.705692 0.800298
vt 0.911380 0.770606
vt 0.923773 0.770369
vt 0.911834 0.768012
vt 0.924249 0.767652
vt 0.907062 0.631169
vt 0.904846 0.628105
vt 0.907609 0.626231
vt 0.909187 0.629729
vt 0.905256 0.633001
vt 0.902495 0.630489
vt 0.903836 0.635154
vt 0.900648 0.633291
vt 0.902859 0.637547
vt 0.899376 0.636404
vt 0.902360 0.640087
vt 0.898728 0.639708
vt 0.902360 0.642676
vt 0.898728 0.643077
vt 0.902859 0.645214
vt 0.899376 0.646380
vt 0.903836 0.647606
vt 0.900648 0.649491
vt 0.905256 0.649757
vt 0.902495 0.652290
vt 0.907062 0.651586
vt 0.904846 0.654670
vt 0.909187 0.653023
vt 0.907609 0.656540
vt 0.911547 0.654011
vt 0.910680 0.657826
vt 0.914053 0.654515
vt 0.913941 0.658481
vt 0.916607 0.654513
vt 0.917265 0.658478
vt 0.919113 0.654006
vt 0.920525 0.657818
vt 0.921474 0.653013
vt 0.923596 0.656527
vt 0.923598 0.651573
vt 0.926360 0.654653
vt 0.925404 0.649741
vt 0.928710 0.652269
vt 0.926824 0.647587
vt 0.930557 0.649467
vt 0.927801 0.645194
vt 0.931829 0.646354
vt 0.928300 0.642655
vt 0.932478 0.643049
vt 0.928300 0.640066
vt 0.932478 0.639681
vt 0.927801 0.637527
vt 0.931829 0.636378
vt 0.926824 0.635136
vt 0.930557 0.633267
vt 0.925404 0.632985
vt 0.928710 0.630468
vt 0.923598 0.631155
vt 0.926360 0.628088
vt 0.921474 0.629719
vt 0.923596 0.626219
vt 0.919113 0.628730
vt 0.920525 0.624932
vt 0.916607 0.628227
vt 0.917265 0.624277
vt 0.914053 0.628229
vt 0.913941 0.624280
vt 0.911547 0.628736
vt 0.910680 0.624940
vt 0.771391 0.606428
vt 0.773088 0.606797
vt 0.766711 0.682939
vt 0.764524 0.680738
vt 0.775132 0.607120
vt 0.769415 0.685039
vt 0.777447 0.607387
vt 0.772538 0.686952
vt 0.779943 0.607587
vt 0.775959 0.688599
vt 0.782524 0.607713
vt 0.779542 0.689909
vt 0.785090 0.607758
vt 0.783142 0.690821
vt 0.787544 0.607723
vt 0.786607 0.691295
vt 0.789791 0.607607
vt 0.789791 0.691309
vt 0.680999 0.691638
vt 0.680999 0.607534
vt 0.682958 0.607464
vt 0.683776 0.691360
vt 0.685210 0.607374
vt 0.686955 0.690707
vt 0.687666 0.607268
vt 0.690401 0.689707
vt 0.690233 0.607151
vt 0.693969 0.688405
vt 0.692812 0.607025
vt 0.697510 0.686858
vt 0.695303 0.606897
vt 0.700882 0.685133
vt 0.697612 0.606772
vt 0.703954 0.683300
vt 0.699649 0.606653
vt 0.706611 0.681433
vt 0.729869 0.767477
vt 0.729869 0.692538
vt 0.731838 0.692396
vt 0.732556 0.765599
vt 0.734095 0.692253
vt 0.735604 0.763805
vt 0.736556 0.692114
vt 0.738894 0.762160
vt 0.739124 0.691984
vt 0.742302 0.760721
vt 0.741702 0.691868
vt 0.745704 0.759538
vt 0.744190 0.691770
vt 0.748979 0.758651
vt 0.746493 0.691695
vt 0.752013 0.758086
vt 0.748522 0.691645
vt 0.754701 0.757863
vt 0.810520 0.692237
vt 0.812439 0.691933
vt 0.806887 0.756013
vt 0.804346 0.756266
vt 0.814659 0.691734
vt 0.809811 0.756194
vt 0.817095 0.691645
vt 0.813016 0.756807
vt 0.819654 0.691672
vt 0.816392 0.757831
vt 0.822237 0.691812
vt 0.819818 0.759236
vt 0.824746 0.692061
vt 0.823171 0.760975
vt 0.827082 0.692408
vt 0.826325 0.762989
vt 0.829158 0.692841
vt 0.829158 0.765208
vt 0.862963 0.575221
vt 0.864098 0.571651
vt 0.865860 0.568387
vt 0.868191 0.565567
vt 0.871006 0.563310
vt 0.874196 0.561719
vt 0.877633 0.560866
vt 0.881176 0.560795
vt 0.884677 0.561512
vt 0.887987 0.562989
vt 0.890967 0.565163
vt 0.893496 0.567937
vt 0.895472 0.571193
vt 0.896820 0.574791
vt 0.897496 0.578581
vt 0.897482 0.582407
vt 0.896792 0.586121
vt 0.895465 0.589582
vt 0.893561 0.592663
vt 0.891162 0.595256
vt 0.888363 0.597275
vt 0.885269 0.598656
vt 0.881995 0.599355
vt 0.878657 0.599355
vt 0.875372 0.598659
vt 0.872255 0.597293
vt 0.869416 0.595302
vt 0.866955 0.592755
vt 0.864964 0.589736
vt 0.863518 0.586349
vt 0.862680 0.582712
vt 0.862489 0.578956
vt 0.876984 0.672596
vt 0.880261 0.672369
vt 0.883512 0.672848
vt 0.886607 0.674028
vt 0.889418 0.675871
vt 0.891827 0.678313
vt 0.893727 0.681257
vt 0.895036 0.684587
vt 0.895694 0.688164
vt 0.895674 0.691838
vt 0.894976 0.695453
vt 0.893634 0.698860
vt 0.891709 0.701918
vt 0.889288 0.704507
vt 0.886474 0.706528
vt 0.883387 0.707910
vt 0.880152 0.708611
vt 0.876896 0.708615
vt 0.873742 0.707935
vt 0.870806 0.706608
vt 0.868191 0.704693
vt 0.865987 0.702266
vt 0.864267 0.699421
vt 0.863088 0.696259
vt 0.862489 0.692894
vt 0.862489 0.689444
vt 0.863089 0.686028
vt 0.864272 0.682769
vt 0.866000 0.679782
vt 0.868218 0.677179
vt 0.870851 0.675059
vt 0.873808 0.673508
vt 0.862489 0.616442
vt 0.863115 0.612864
vt 0.864427 0.609453
vt 0.866384 0.606349
vt 0.868917 0.603683
vt 0.871930 0.601571
vt 0.875306 0.600106
vt 0.878904 0.599355
vt 0.882577 0.599355
vt 0.886167 0.600107
vt 0.889526 0.601577
vt 0.892513 0.603701
vt 0.895009 0.606384
vt 0.896915 0.609509
vt 0.898165 0.612944
vt 0.898718 0.616548
vt 0.898566 0.620176
vt 0.897726 0.623688
vt 0.896243 0.626954
vt 0.894184 0.629857
vt 0.891631 0.632297
vt 0.888685 0.634193
vt 0.885453 0.635483
vt 0.882053 0.636126
vt 0.878603 0.636105
vt 0.875225 0.635420
vt 0.872038 0.634094
vt 0.869153 0.632171
vt 0.866677 0.629715
vt 0.864703 0.626806
vt 0.863310 0.623546
vt 0.862559 0.620049
vt 0.514765 0.056598
vt 0.514765 0.200246
vt 0.947777 0.200246
vt 0.947777 0.056598
vt 0.764765 0.056598
vt 0.764765 0.200246
vt 0.264765 0.200246
vt 0.264765 0.056598
vt 0.081752 0.200246
vt 0.081752 0.056598
vt 0.425841 0.588462
vt 0.422086 0.716558
vt 0.309706 0.778437
vt 0.200649 0.711137
vt 0.203251 0.582874
vt 0.316062 0.522078
vt 0.264765 0.056598
vt 0.764765 0.056598
vt 0.580629 0.494812
vt 0.580629 0.804304
vt 0.312781 0.340903
vt 0.044753 0.495649
vt 0.045388 0.804567
vt 0.313416 0.959312
vt 0.316073 0.521662
vt 0.422770 0.589189
vt 0.423971 0.716608
vt 0.310923 0.778647
vt 0.200086 0.711845
vt 0.203680 0.582784
vt 0.314029 0.340903
vt 0.579734 0.500678
vt 0.044753 0.494571
vt 0.044753 0.805997
vt 0.314180 0.959312
vt 0.579176 0.806481
vt 0.816791 0.769941
vt 0.829463 0.770347
vt 0.829066 0.772950
vt 0.816375 0.772668
vt 0.828792 0.775872
vt 0.816088 0.775728
vt 0.828653 0.778998
vt 0.815942 0.779004
vt 0.828653 0.782211
vt 0.815942 0.782370
vt 0.828792 0.785386
vt 0.816088 0.785697
vt 0.829066 0.788401
vt 0.816375 0.788856
vt 0.829463 0.791141
vt 0.816791 0.791726
vt 0.829969 0.793500
vt 0.817320 0.794197
vt 0.945785 0.618536
vt 0.932915 0.617986
vt 0.932973 0.615466
vt 0.945847 0.615896
vt 0.933016 0.612605
vt 0.945892 0.612899
vt 0.933043 0.609513
vt 0.945920 0.609659
vt 0.933052 0.606308
vt 0.945930 0.606302
vt 0.933043 0.603115
vt 0.945920 0.602955
vt 0.933016 0.600054
vt 0.945892 0.599749
vt 0.932973 0.597245
vt 0.945847 0.596806
vt 0.932915 0.594795
vt 0.945785 0.594239
vt 0.945832 0.764304
vt 0.932980 0.763768
vt 0.932952 0.761235
vt 0.945802 0.761649
vt 0.932932 0.758363
vt 0.945781 0.758641
vt 0.932919 0.755265
vt 0.945767 0.755394
vt 0.932915 0.752058
vt 0.945763 0.752035
vt 0.932919 0.748867
vt 0.945767 0.748692
vt 0.932932 0.745814
vt 0.945781 0.745493
vt 0.932952 0.743016
vt 0.945802 0.742562
vt 0.932980 0.740581
vt 0.945832 0.740010
vt 0.668565 0.800304
vt 0.681174 0.800634
vt 0.681452 0.803414
vt 0.668857 0.803217
vt 0.681644 0.806456
vt 0.669058 0.806403
vt 0.681742 0.809642
vt 0.669160 0.809742
vt 0.681742 0.812851
vt 0.669160 0.813103
vt 0.681644 0.815959
vt 0.669058 0.816359
vt 0.681452 0.818846
vt 0.668857 0.819384
vt 0.748831 0.794369
vt 0.746587 0.796645
vt 0.743949 0.798433
vt 0.741018 0.799666
vt 0.737906 0.800296
vt 0.734733 0.800298
vt 0.731621 0.799673
vt 0.728690 0.798445
vt 0.726052 0.796661
vt 0.723809 0.794389
vt 0.722046 0.791718
vt 0.720832 0.788748
vt 0.720213 0.785595
vt 0.720832 0.779227
vt 0.722046 0.776255
vt 0.723809 0.773580
vt 0.726052 0.771305
vt 0.728690 0.769517
vt 0.731622 0.768284
vt 0.734733 0.767654
vt 0.737906 0.767652
vt 0.741018 0.768276
vt 0.743949 0.769505
vt 0.746587 0.771289
vt 0.748831 0.773560
vt 0.750593 0.776232
vt 0.751808 0.779202
vt 0.752427 0.782355
vt 0.752427 0.785570
vt 0.751808 0.788723
vt 0.750593 0.791695
vt 0.681174 0.821402
vt 0.668565 0.822062
vt 0.817320 0.767652
vt 0.829969 0.768162
vt 0.919113 0.594549
vt 0.920525 0.590737
vt 0.923596 0.592028
vt 0.921474 0.595542
vt 0.916607 0.594042
vt 0.917265 0.590077
vt 0.914053 0.594040
vt 0.913941 0.590074
vt 0.911547 0.594543
vt 0.910680 0.590729
vt 0.909187 0.595532
vt 0.907609 0.592015
vt 0.907062 0.596968
vt 0.904846 0.593884
vt 0.905256 0.598798
vt 0.902495 0.596264
vt 0.903837 0.600949
vt 0.900648 0.599064
vt 0.902859 0.603340
vt 0.899376 0.602175
vt 0.902360 0.605879
vt 0.898728 0.605478
vt 0.902360 0.608468
vt 0.898728 0.608846
vt 0.902859 0.611007
vt 0.899376 0.612150
vt 0.903836 0.613400
vt 0.900648 0.615264
vt 0.905256 0.615554
vt 0.902495 0.618066
vt 0.907062 0.617386
vt 0.904846 0.620450
vt 0.909187 0.618826
vt 0.907609 0.622323
vt 0.911547 0.619818
vt 0.910680 0.623615
vt 0.914053 0.620326
vt 0.913941 0.624274
vt 0.916607 0.620328
vt 0.919113 0.619825
vt 0.920525 0.623623
vt 0.921474 0.618836
vt 0.923596 0.622336
vt 0.923598 0.617399
vt 0.926360 0.620467
vt 0.925404 0.615570
vt 0.928710 0.618087
vt 0.926824 0.613419
vt 0.930557 0.615288
vt 0.927801 0.611027
vt 0.931829 0.612177
vt 0.928300 0.608489
vt 0.932478 0.608874
vt 0.928300 0.605900
vt 0.932478 0.605505
vt 0.927801 0.603360
vt 0.931829 0.602201
vt 0.926824 0.600968
vt 0.930557 0.599088
vt 0.925404 0.598814
vt 0.928710 0.596286
vt 0.923598 0.596982
vt 0.926360 0.593902
vt 0.708740 0.531714
vt 0.701785 0.605387
vt 0.699711 0.604944
vt 0.706033 0.529425
vt 0.697376 0.604586
vt 0.702924 0.527291
vt 0.694869 0.604326
vt 0.699530 0.525399
vt 0.692287 0.604174
vt 0.695983 0.523831
vt 0.689728 0.604136
vt 0.692426 0.522654
vt 0.687291 0.604214
vt 0.689007 0.521923
vt 0.685070 0.604403
vt 0.685871 0.521672
vt 0.683150 0.604698
vt 0.683150 0.521914
vt 0.680999 0.606653
vt 0.680999 0.690785
vt 0.678970 0.690831
vt 0.678123 0.606897
vt 0.676667 0.690902
vt 0.674871 0.607525
vt 0.674178 0.690995
vt 0.671381 0.608507
vt 0.671600 0.691107
vt 0.667798 0.609802
vt 0.669032 0.691233
vt 0.664272 0.611350
vt 0.666571 0.691368
vt 0.660944 0.613086
vt 0.664313 0.691507
vt 0.657943 0.614939
vt 0.662344 0.691645
vt 0.655382 0.616833
vt 0.729869 0.766651
vt 0.727832 0.766766
vt 0.727088 0.693488
vt 0.729869 0.691645
vt 0.725523 0.766886
vt 0.723972 0.695254
vt 0.723031 0.767009
vt 0.720640 0.696878
vt 0.720452 0.767129
vt 0.717219 0.698303
vt 0.717885 0.767241
vt 0.713832 0.699482
vt 0.715428 0.767341
vt 0.710599 0.700375
vt 0.713177 0.767426
vt 0.707634 0.700953
vt 0.711217 0.767492
vt 0.705037 0.701198
vt 0.854680 0.670474
vt 0.859478 0.605348
vt 0.862458 0.605370
vt 0.856927 0.670375
vt 0.852226 0.670492
vt 0.856237 0.604917
vt 0.849660 0.670428
vt 0.852848 0.604088
vt 0.847080 0.670284
vt 0.849431 0.602887
vt 0.844586 0.670065
vt 0.846108 0.601355
vt 0.842273 0.669782
vt 0.843002 0.599541
vt 0.840231 0.669443
vt 0.840231 0.597510
vt 0.710948 0.534066
vt 0.703517 0.605897
vt 0.945850 0.716287
vt 0.945822 0.718705
vt 0.932954 0.718256
vt 0.945801 0.721491
vt 0.932932 0.721174
vt 0.945789 0.724536
vt 0.932919 0.724365
vt 0.945784 0.727724
vt 0.932915 0.727705
vt 0.945789 0.730932
vt 0.932919 0.731066
vt 0.945801 0.734037
vt 0.932932 0.734319
vt 0.945822 0.736920
vt 0.932954 0.737339
vt 0.945850 0.739469
vt 0.932983 0.740010
vt 0.857319 0.794183
vt 0.844711 0.793710
vt 0.844341 0.791326
vt 0.856931 0.791685
vt 0.844050 0.788567
vt 0.856626 0.788794
vt 0.843850 0.785538
vt 0.856416 0.785621
vt 0.843748 0.782357
vt 0.856309 0.782289
vt 0.843748 0.779146
vt 0.856309 0.778925
vt 0.843850 0.776029
vt 0.856416 0.775658
vt 0.844050 0.773124
vt 0.856626 0.772615
vt 0.844341 0.770543
vt 0.856931 0.769911
vt 0.844711 0.768387
vt 0.857319 0.767652
vt 0.694918 0.822062
vt 0.682310 0.821402
vt 0.682031 0.818846
vt 0.694627 0.819384
vt 0.681839 0.815959
vt 0.694426 0.816359
vt 0.681742 0.812851
vt 0.694323 0.813103
vt 0.681742 0.809642
vt 0.694323 0.809742
vt 0.681839 0.806456
vt 0.694426 0.806403
vt 0.682031 0.803414
vt 0.694627 0.803217
vt 0.682310 0.800634
vt 0.694918 0.800304
vt 0.884414 0.767652
vt 0.897192 0.768133
vt 0.896860 0.770523
vt 0.884066 0.770156
vt 0.896613 0.773287
vt 0.883807 0.773052
vt 0.896461 0.776318
vt 0.883648 0.776227
vt 0.896410 0.779500
vt 0.883594 0.779561
vt 0.896461 0.782711
vt 0.883648 0.782924
vt 0.896613 0.785826
vt 0.883807 0.786189
vt 0.810189 0.771265
vt 0.812399 0.773531
vt 0.814136 0.776198
vt 0.815332 0.779163
vt 0.815942 0.782314
vt 0.815942 0.785529
vt 0.815332 0.788684
vt 0.814136 0.791659
vt 0.812399 0.794338
vt 0.810189 0.796619
vt 0.807590 0.798414
vt 0.804702 0.799654
vt 0.801637 0.800292
vt 0.798511 0.800304
vt 0.795445 0.799687
vt 0.792557 0.798467
vt 0.789958 0.796690
vt 0.787748 0.794425
vt 0.786012 0.791758
vt 0.784815 0.788792
vt 0.784206 0.785641
vt 0.784206 0.782426
vt 0.784815 0.779271
vt 0.786012 0.776297
vt 0.787748 0.773618
vt 0.789958 0.771336
vt 0.792557 0.769541
vt 0.795445 0.768301
vt 0.798511 0.767663
vt 0.801637 0.767652
vt 0.804702 0.768268
vt 0.807590 0.769488
vt 0.896860 0.788728
vt 0.884066 0.789229
vt 0.897192 0.791303
vt 0.884414 0.791927
vt 0.928405 0.534942
vt 0.932257 0.533784
vt 0.932914 0.537088
vt 0.928910 0.537482
vt 0.927414 0.532551
vt 0.930969 0.530672
vt 0.925976 0.530398
vt 0.929098 0.527871
vt 0.924146 0.528567
vt 0.926717 0.525490
vt 0.921995 0.527129
vt 0.923917 0.523618
vt 0.919603 0.526138
vt 0.920806 0.522329
vt 0.917065 0.525633
vt 0.917503 0.521672
vt 0.914477 0.525633
vt 0.914137 0.521672
vt 0.911940 0.526138
vt 0.910834 0.522329
vt 0.909549 0.527129
vt 0.907724 0.523618
vt 0.907397 0.528567
vt 0.904924 0.525490
vt 0.905567 0.530398
vt 0.902543 0.527871
vt 0.904130 0.532551
vt 0.900673 0.530672
vt 0.903139 0.534942
vt 0.899384 0.533784
vt 0.902635 0.537482
vt 0.898728 0.537088
vt 0.902635 0.540071
vt 0.898728 0.540457
vt 0.903140 0.542610
vt 0.899385 0.543761
vt 0.904130 0.545002
vt 0.900674 0.546872
vt 0.905568 0.547154
vt 0.902545 0.549673
vt 0.907398 0.548985
vt 0.904926 0.552055
vt 0.909550 0.550423
vt 0.907725 0.553927
vt 0.911941 0.551414
vt 0.910836 0.555216
vt 0.914479 0.551919
vt 0.914139 0.555873
vt 0.917067 0.551919
vt 0.917506 0.555873
vt 0.919605 0.551414
vt 0.920808 0.555216
vt 0.921996 0.550423
vt 0.923919 0.553927
vt 0.924148 0.548985
vt 0.926718 0.552055
vt 0.925977 0.547154
vt 0.929099 0.549673
vt 0.927415 0.545002
vt 0.930970 0.546872
vt 0.928405 0.542610
vt 0.932258 0.543760
vt 0.928910 0.540070
vt 0.932915 0.540457
vt 0.732219 0.616809
vt 0.725259 0.691596
vt 0.723314 0.691485
vt 0.729691 0.614954
vt 0.721074 0.691367
vt 0.726715 0.613131
vt 0.718625 0.691246
vt 0.723404 0.611415
vt 0.716061 0.691126
vt 0.719884 0.609875
vt 0.713480 0.691012
vt 0.716298 0.608580
vt 0.710982 0.690909
vt 0.712794 0.607583
vt 0.708662 0.690820
vt 0.709518 0.606931
vt 0.706611 0.690750
vt 0.706611 0.606653
vt 0.738755 0.521672
vt 0.738755 0.604016
vt 0.736849 0.604393
vt 0.736054 0.522381
vt 0.734639 0.604718
vt 0.732933 0.523356
vt 0.732209 0.604980
vt 0.729524 0.524555
vt 0.729653 0.605168
vt 0.725971 0.525928
vt 0.727070 0.605274
vt 0.722422 0.527414
vt 0.724558 0.605295
vt 0.719021 0.528953
vt 0.722214 0.605231
vt 0.715900 0.530483
vt 0.720129 0.605082
vt 0.713176 0.531943
vt 0.718381 0.604856
vt 0.710948 0.533279
vt 0.862458 0.742425
vt 0.860416 0.742764
vt 0.859687 0.672524
vt 0.862458 0.670492
vt 0.858103 0.743048
vt 0.856581 0.674337
vt 0.855609 0.743266
vt 0.853258 0.675870
vt 0.853029 0.743410
vt 0.849841 0.677070
vt 0.850463 0.743474
vt 0.846452 0.677899
vt 0.848009 0.743457
vt 0.843211 0.678331
vt 0.845762 0.743357
vt 0.840231 0.678352
vt 0.773333 0.767269
vt 0.771425 0.766902
vt 0.776978 0.700687
vt 0.779506 0.701332
vt 0.769213 0.766588
vt 0.774066 0.699805
vt 0.766782 0.766339
vt 0.770867 0.698715
vt 0.764225 0.766164
vt 0.767495 0.697454
vt 0.761642 0.766071
vt 0.764068 0.696066
vt 0.759130 0.766062
vt 0.760710 0.694599
vt 0.756786 0.766139
vt 0.757547 0.693107
vt 0.754701 0.766299
vt 0.754701 0.691645
vt 0.707977 0.800304
vt 0.720793 0.800723
vt 0.720879 0.803502
vt 0.708067 0.803216
vt 0.720939 0.806544
vt 0.708130 0.806402
vt 0.720969 0.809730
vt 0.708161 0.809741
vt 0.720969 0.812939
vt 0.708161 0.813102
vt 0.720939 0.816047
vt 0.708130 0.816359
vt 0.720879 0.818935
vt 0.708067 0.819385
vt 0.720793 0.821492
vt 0.707977 0.822064
vt 0.946010 0.594239
vt 0.933208 0.593727
vt 0.933083 0.591180
vt 0.945880 0.591570
vt 0.932991 0.588299
vt 0.945783 0.588552
vt 0.932934 0.585195
vt 0.945723 0.585299
vt 0.932915 0.581987
vt 0.945703 0.581939
vt 0.932934 0.578799
vt 0.945723 0.578598
vt 0.932991 0.575752
vt 0.945783 0.575406
vt 0.933083 0.572965
vt 0.945880 0.572486
vt 0.933208 0.570544
vt 0.946010 0.569950
vt 0.870188 0.794166
vt 0.857319 0.793555
vt 0.857429 0.791144
vt 0.870303 0.791641
vt 0.857515 0.788365
vt 0.870393 0.788728
vt 0.857574 0.785324
vt 0.870456 0.785542
vt 0.857605 0.782137
vt 0.870487 0.782204
vt 0.857605 0.778929
vt 0.870487 0.778842
vt 0.857574 0.775820
vt 0.870456 0.775586
vt 0.857515 0.772932
vt 0.870393 0.772560
vt 0.857429 0.770375
vt 0.870303 0.769881
vt 0.857319 0.768247
vt 0.870188 0.767652
vt 0.933054 0.618536
vt 0.945924 0.619086
vt 0.945868 0.621605
vt 0.932994 0.621175
vt 0.945826 0.624465
vt 0.932951 0.624172
vt 0.945800 0.627557
vt 0.932924 0.627412
vt 0.945791 0.630762
vt 0.932915 0.630769
vt 0.945800 0.633956
vt 0.932924 0.634115
vt 0.945826 0.637017
vt 0.932951 0.637322
vt 0.682087 0.796652
vt 0.679416 0.798438
vt 0.676448 0.799669
vt 0.673298 0.800296
vt 0.670085 0.800296
vt 0.666934 0.799669
vt 0.663966 0.798438
vt 0.661295 0.796652
vt 0.659023 0.794379
vt 0.657238 0.791705
vt 0.656009 0.788735
vt 0.655382 0.785581
vt 0.655382 0.782367
vt 0.656008 0.779213
vt 0.657237 0.776242
vt 0.659022 0.773569
vt 0.661294 0.771296
vt 0.663965 0.769510
vt 0.666932 0.768279
vt 0.670083 0.767652
vt 0.673296 0.767652
vt 0.676447 0.768279
vt 0.679415 0.769509
vt 0.682086 0.771296
vt 0.684358 0.773569
vt 0.686142 0.776242
vt 0.687372 0.779213
vt 0.687999 0.782366
vt 0.687999 0.785581
vt 0.687373 0.788735
vt 0.686143 0.791705
vt 0.684359 0.794379
vt 0.945868 0.639826
vt 0.932994 0.640266
vt 0.945924 0.642277
vt 0.933054 0.642833
vt 0.918722 0.688277
vt 0.920231 0.692050
vt 0.917015 0.692690
vt 0.916250 0.688769
vt 0.921050 0.687299
vt 0.923261 0.690778
vt 0.923146 0.685872
vt 0.925987 0.688921
vt 0.924928 0.684051
vt 0.928306 0.686552
vt 0.926329 0.681906
vt 0.930128 0.683762
vt 0.927293 0.679520
vt 0.931383 0.680657
vt 0.927785 0.676984
vt 0.932022 0.677357
vt 0.927785 0.674396
vt 0.932022 0.673990
vt 0.927293 0.671855
vt 0.931383 0.670683
vt 0.926328 0.669458
vt 0.930128 0.667565
vt 0.924928 0.667299
vt 0.928306 0.664756
vt 0.923146 0.665459
vt 0.925987 0.662362
vt 0.921050 0.664010
vt 0.923261 0.660477
vt 0.918722 0.663007
vt 0.920231 0.659172
vt 0.916250 0.662489
vt 0.917015 0.658498
vt 0.913730 0.662476
vt 0.913735 0.658481
vt 0.911258 0.662968
vt 0.910519 0.659121
vt 0.908929 0.663946
vt 0.907490 0.660393
vt 0.906834 0.665373
vt 0.904763 0.662250
vt 0.905052 0.667194
vt 0.902444 0.664619
vt 0.903651 0.669338
vt 0.900622 0.667409
vt 0.902687 0.671725
vt 0.899367 0.670514
vt 0.902195 0.674261
vt 0.898728 0.673814
vt 0.902195 0.676849
vt 0.898728 0.677181
vt 0.902687 0.679390
vt 0.899367 0.680488
vt 0.903651 0.681786
vt 0.900622 0.683605
vt 0.905052 0.683946
vt 0.902444 0.686415
vt 0.906834 0.685786
vt 0.904763 0.688809
vt 0.908929 0.687235
vt 0.907490 0.690694
vt 0.911258 0.688237
vt 0.910519 0.691999
vt 0.913730 0.688756
vt 0.913736 0.692673
vt 0.833966 0.606053
vt 0.831727 0.606015
vt 0.837249 0.529804
vt 0.840201 0.531553
vt 0.829279 0.605945
vt 0.833966 0.528056
vt 0.826715 0.605847
vt 0.830475 0.526378
vt 0.824134 0.605723
vt 0.826914 0.524840
vt 0.821635 0.605579
vt 0.823429 0.523506
vt 0.819314 0.605419
vt 0.820165 0.522434
vt 0.817261 0.605252
vt 0.817261 0.521672
vt 0.755944 0.690313
vt 0.755090 0.606744
vt 0.757989 0.606653
vt 0.757989 0.690124
vt 0.753630 0.690488
vt 0.751812 0.607169
vt 0.751135 0.690642
vt 0.748294 0.607910
vt 0.748555 0.690769
vt 0.744685 0.608934
vt 0.745989 0.690865
vt 0.741135 0.610196
vt 0.743536 0.690925
vt 0.737788 0.611643
vt 0.741291 0.690948
vt 0.734778 0.613211
vt 0.739339 0.690932
vt 0.732219 0.614838
vt 0.817235 0.521672
vt 0.817235 0.598529
vt 0.815292 0.598540
vt 0.814567 0.523397
vt 0.813054 0.598584
vt 0.811528 0.525149
vt 0.810606 0.598662
vt 0.808240 0.526859
vt 0.808042 0.598768
vt 0.804828 0.528465
vt 0.805462 0.598900
vt 0.801420 0.529910
vt 0.802963 0.599052
vt 0.798137 0.531145
vt 0.800643 0.599219
vt 0.795095 0.532127
vt 0.798590 0.599393
vt 0.792399 0.532826
vt 0.796884 0.599569
vt 0.790142 0.533216
vt 0.674036 0.767652
vt 0.672011 0.767512
vt 0.677534 0.700911
vt 0.680215 0.701255
vt 0.669712 0.767370
vt 0.674504 0.700257
vt 0.667226 0.767234
vt 0.671232 0.699313
vt 0.664649 0.767106
vt 0.667830 0.698111
vt 0.662079 0.766993
vt 0.664421 0.696691
vt 0.659617 0.766898
vt 0.661128 0.695102
vt 0.657355 0.766826
vt 0.658075 0.693399
vt 0.655382 0.766780
vt 0.655382 0.691645
vt 0.881803 0.636126
vt 0.885315 0.636772
vt 0.888661 0.638103
vt 0.891707 0.640077
vt 0.894323 0.642625
vt 0.896396 0.645651
vt 0.897833 0.649036
vt 0.898569 0.652640
vt 0.898569 0.656313
vt 0.897832 0.659901
vt 0.896389 0.663254
vt 0.894305 0.666231
vt 0.891673 0.668712
vt 0.888606 0.670603
vt 0.885235 0.671835
vt 0.881699 0.672369
vt 0.878139 0.672197
vt 0.874693 0.671338
vt 0.871488 0.669838
vt 0.868640 0.667762
vt 0.866246 0.665195
vt 0.864386 0.662237
vt 0.863120 0.658997
vt 0.862489 0.655592
vt 0.862510 0.652141
vt 0.863182 0.648766
vt 0.864483 0.645584
vt 0.866369 0.642709
vt 0.868780 0.640245
vt 0.871633 0.638286
vt 0.874833 0.636910
vt 0.878264 0.636177
vt 0.898542 0.538642
vt 0.898728 0.542502
vt 0.898207 0.546336
vt 0.896988 0.549992
vt 0.895109 0.553317
vt 0.892638 0.556172
vt 0.889669 0.558431
vt 0.886322 0.559995
vt 0.882738 0.560795
vt 0.879064 0.560795
vt 0.875458 0.559997
vt 0.872068 0.558438
vt 0.869034 0.556190
vt 0.866476 0.553354
vt 0.864491 0.550051
vt 0.863148 0.546423
vt 0.862489 0.542615
vt 0.862526 0.538778
vt 0.863246 0.535057
vt 0.864610 0.531588
vt 0.866558 0.528493
vt 0.869012 0.525880
vt 0.871880 0.523834
vt 0.875057 0.522424
vt 0.878429 0.521695
vt 0.881879 0.521672
vt 0.885287 0.522357
vt 0.888531 0.523729
vt 0.891496 0.525746
vt 0.894071 0.528342
vt 0.896158 0.531430
vt 0.897671 0.534905
vt 0.880152 0.708619
vt 0.883387 0.709320
vt 0.886474 0.710702
vt 0.889288 0.712723
vt 0.891709 0.715312
vt 0.893634 0.718370
vt 0.894976 0.721777
vt 0.895674 0.725393
vt 0.895694 0.729066
vt 0.895036 0.732643
vt 0.893727 0.735973
vt 0.891827 0.738918
vt 0.889418 0.741359
vt 0.886607 0.743202
vt 0.883512 0.744381
vt 0.880261 0.744861
vt 0.876984 0.744634
vt 0.873808 0.743722
vt 0.870851 0.742172
vt 0.868218 0.740051
vt 0.866000 0.737448
vt 0.864272 0.734461
vt 0.863089 0.731201
vt 0.862489 0.727786
vt 0.862489 0.724336
vt 0.863088 0.720971
vt 0.864267 0.717809
vt 0.865987 0.714963
vt 0.868191 0.712537
vt 0.870806 0.710622
vt 0.873742 0.709295
s 0
usemtl Material.001
f 33/1/1 1/2/1 2/3/1 34/4/1
f 34/4/2 2/3/2 3/5/2 35/6/2
f 35/6/3 3/5/3 4/7/3 36/8/3
f 36/8/4 4/7/4 5/9/4 37/10/4
f 37/10/5 5/9/5 6/11/5 38/12/5
f 38/12/6 6/11/6 7/13/6 39/14/6
f 39/14/7 7/13/7 8/15/7 40/16/7
f 40/16/8 8/15/8 9/17/8 41/18/8
f 41/19/9 9/20/9 10/21/9 42/22/9
f 42/22/10 10/21/10 11/23/10 43/24/10
f 43/24/11 11/23/11 12/25/11 44/26/11
f 44/26/12 12/25/12 13/27/12 45/28/12
f 45/28/13 13/27/13 14/29/13 46/30/13
f 46/30/14 14/29/14 15/31/14 47/32/14
f 47/32/15 15/31/15 16/33/15 48/34/15
f 48/34/16 16/33/16 17/35/16 49/36/16
f 49/36/17 17/35/17 18/37/17 50/38/17
f 50/39/18 18/40/18 19/41/18 51/42/18
f 51/42/19 19/41/19 20/43/19 52/44/19
f 52/44/20 20/43/20 21/45/20 53/46/20
f 53/46/21 21/45/21 22/47/21 54/48/21
f 54/48/22 22/47/22 23/49/22 55/50/22
f 55/50/23 23/49/23 24/51/23 56/52/23
f 56/52/24 24/51/24 25/53/24 57/54/24
f 57/54/25 25/53/25 26/55/25 58/56/25
f 58/57/26 26/58/26 27/59/26 59/60/26
f 59/60/27 27/59/27 28/61/27 60/62/27
f 60/62/28 28/61/28 29/63/28 61/64/28
f 61/64/29 29/63/29 30/65/29 62/66/29
f 62/66/30 30/65/30 31/67/30 63/68/30
f 19/69/31 18/70/31 17/71/31 16/72/31 15/73/31 14/74/31 13/75/31 12/76/31 11/77/31 10/78/31 9/79/31 8/80/31 7/81/31 6/82/31 5/83/31 4/84/31 3/85/31 2/86/31 1/87/31 32/88/31 31/89/31 30/90/31 29/91/31 28/92/31 27/93/31 26/94/31 25/95/31 24/96/31 23/97/31 22/98/31 21/99/31 20/100/31
f 63/68/32 31/67/32 32/101/32 64/102/32
f 64/102/33 32/101/33 1/103/33 33/104/33
f 95/105/34 64/106/34 33/107/34 96/108/34
f 94/109/35 63/110/35 64/106/35 95/105/35
f 93/111/36 62/112/36 63/110/36 94/109/36
f 92/113/37 61/114/37 62/112/37 93/111/37
f 91/115/38 60/116/38 61/114/38 92/113/38
f 90/117/39 59/118/39 60/116/39 91/115/39
f 89/119/40 58/120/40 59/118/40 90/117/40
f 88/121/41 57/122/41 58/120/41 89/119/41
f 87/123/42 56/124/42 57/122/42 88/121/42
f 86/125/43 55/126/43 56/124/43 87/123/43
f 85/127/44 54/128/44 55/126/44 86/125/44
f 84/129/45 53/130/45 54/128/45 85/127/45
f 83/131/46 52/132/46 53/130/46 84/129/46
f 82/133/47 51/134/47 52/132/47 83/131/47
f 81/135/48 50/136/48 51/134/48 82/133/48
f 80/137/49 49/138/49 50/136/49 81/135/49
f 79/139/50 48/140/50 49/138/50 80/137/50
f 78/141/51 47/142/51 48/140/51 79/139/51
f 77/143/52 46/144/52 47/142/52 78/141/52
f 76/145/53 45/146/53 46/144/53 77/143/53
f 75/147/54 44/148/54 45/146/54 76/145/54
f 74/149/55 43/150/55 44/148/55 75/147/55
f 73/151/56 42/152/56 43/150/56 74/149/56
f 72/153/57 41/154/57 42/152/57 73/151/57
f 71/155/58 40/156/58 41/154/58 72/153/58
f 70/157/59 39/158/59 40/156/59 71/155/59
f 69/159/60 38/160/60 39/158/60 70/157/60
f 68/161/61 37/162/61 38/160/61 69/159/61
f 67/163/62 36/164/62 37/162/62 68/161/62
f 66/165/63 35/166/63 36/164/63 67/163/63
f 65/167/64 34/168/64 35/166/64 66/165/64
f 96/108/65 33/107/65 34/168/65 65/167/65
f 289/169/66 96/170/66 65/171/66 290/172/66
f 290/172/67 65/171/67 66/173/67 291/174/67
f 291/174/68 66/173/68 67/175/68 292/176/68
f 292/176/69 67/175/69 68/177/69 293/178/69
f 293/178/70 68/177/70 69/179/70 294/180/70
f 294/180/71 69/179/71 70/181/71 295/182/71
f 295/182/72 70/181/72 71/183/72 296/184/72
f 296/184/73 71/183/73 72/185/73 297/186/73
f 297/187/74 72/188/74 73/189/74 298/190/74
f 298/190/75 73/189/75 74/191/75 299/192/75
f 299/192/76 74/191/76 75/193/76 300/194/76
f 300/194/77 75/193/77 76/195/77 301/196/77
f 76/195/78 77/197/78 302/198/78 301/196/78
f 77/197/79 78/199/79 303/200/79 302/198/79
f 78/199/80 79/201/80 304/202/80 303/200/80
f 79/201/81 80/203/81 305/204/81 304/202/81
f 80/203/82 81/205/82 306/206/82 305/204/82
f 81/207/83 82/208/83 307/209/83 306/210/83
f 82/208/84 83/211/84 308/212/84 307/209/84
f 83/211/85 84/213/85 309/214/85 308/212/85
f 84/213/86 85/215/86 310/216/86 309/214/86
f 85/215/87 86/217/87 311/218/87 310/216/87
f 86/217/88 87/219/88 312/220/88 311/218/88
f 87/219/89 88/221/89 313/222/89 312/220/89
f 89/223/90 314/224/90 313/222/90 88/221/90
f 90/225/91 315/226/91 314/227/91 89/228/91
f 91/229/92 316/230/92 315/226/92 90/225/92
f 316/230/93 91/229/93 92/231/93 317/232/93
f 317/232/94 92/231/94 93/233/94 318/234/94
f 318/234/95 93/233/95 94/235/95 319/236/95
f 319/236/96 94/235/96 95/237/96 320/238/96
f 320/238/97 95/237/97 96/239/97 289/240/97
f 129/241/98 97/242/98 98/243/98 130/244/98
f 130/244/99 98/243/99 99/245/99 131/246/99
f 131/246/100 99/245/100 100/247/100 132/248/100
f 132/248/101 100/247/101 101/249/101 133/250/101
f 133/250/102 101/249/102 102/251/102 134/252/102
f 134/252/103 102/251/103 103/253/103 135/254/103
f 135/254/104 103/253/104 104/255/104 136/256/104
f 136/257/105 104/258/105 105/259/105 137/260/105
f 137/260/106 105/259/106 106/261/106 138/262/106
f 138/262/107 106/261/107 107/263/107 139/264/107
f 139/264/108 107/263/108 108/265/108 140/266/108
f 140/266/109 108/265/109 109/267/109 141/268/109
f 141/268/110 109/267/110 110/269/110 142/270/110
f 142/270/111 110/269/111 111/271/111 143/272/111
f 143/272/112 111/271/112 112/273/112 144/274/112
f 144/275/113 112/276/113 113/277/113 145/278/113
f 145/278/114 113/277/114 114/279/114 146/280/114
f 146/280/115 114/279/115 115/281/115 147/282/115
f 147/282/116 115/281/116 116/283/116 148/284/116
f 148/284/117 116/283/117 117/285/117 149/286/117
f 149/286/118 117/285/118 118/287/118 150/288/118
f 150/288/119 118/287/119 119/289/119 151/290/119
f 151/290/120 119/289/120 120/291/120 152/292/120
f 152/292/121 120/291/121 121/293/121 153/294/121
f 153/295/122 121/296/122 122/297/122 154/298/122
f 154/298/123 122/297/123 123/299/123 155/300/123
f 155/300/124 123/299/124 124/301/124 156/302/124
f 156/302/125 124/301/125 125/303/125 157/304/125
f 157/304/126 125/303/126 126/305/126 158/306/126
f 158/306/127 126/305/127 127/307/127 159/308/127
f 115/309/128 114/310/128 113/311/128 112/312/128 111/313/128 110/314/128 109/315/128 108/316/128 107/317/128 106/318/128 105/319/128 104/320/128 103/321/128 102/322/128 101/323/128 100/324/128 99/325/128 98/326/128 97/327/128 128/328/128 127/329/128 126/330/128 125/331/128 124/332/128 123/333/128 122/334/128 121/335/128 120/336/128 119/337/128 118/338/128 117/339/128 116/340/128
f 159/308/129 127/307/129 128/341/129 160/342/129
f 160/342/130 128/341/130 97/343/130 129/344/130
f 191/345/131 160/346/131 129/347/131 192/348/131
f 190/349/132 159/350/132 160/346/132 191/345/132
f 189/351/133 158/352/133 159/350/133 190/349/133
f 188/353/134 157/354/134 158/352/134 189/351/134
f 187/355/135 156/356/135 157/354/135 188/353/135
f 186/357/136 155/358/136 156/356/136 187/355/136
f 185/359/137 154/360/137 155/358/137 186/357/137
f 184/361/138 153/362/138 154/360/138 185/359/138
f 183/363/139 152/364/139 153/362/139 184/361/139
f 182/365/140 151/366/140 152/364/140 183/363/140
f 181/367/141 150/368/141 151/366/141 182/365/141
f 180/369/142 149/370/142 150/368/142 181/367/142
f 179/371/143 148/372/143 149/370/143 180/369/143
f 178/373/144 147/374/144 148/372/144 179/371/144
f 177/375/145 146/376/145 147/374/145 178/373/145
f 176/377/146 145/378/146 146/376/146 177/375/146
f 175/379/147 144/380/147 145/378/147 176/377/147
f 174/381/148 143/382/148 144/380/148 175/379/148
f 173/383/149 142/384/149 143/382/149 174/381/149
f 172/385/150 141/386/150 142/384/150 173/383/150
f 171/387/151 140/388/151 141/386/151 172/385/151
f 170/389/152 139/390/152 140/388/152 171/387/152
f 169/391/153 138/392/153 139/390/153 170/389/153
f 168/393/154 137/394/154 138/392/154 169/391/154
f 167/395/155 136/396/155 137/394/155 168/393/155
f 166/397/156 135/398/156 136/396/156 167/395/156
f 165/399/157 134/400/157 135/398/157 166/397/157
f 164/401/158 133/402/158 134/400/158 165/399/158
f 163/403/159 132/404/159 133/402/159 164/401/159
f 162/405/160 131/406/160 132/404/160 163/403/160
f 161/407/161 130/408/161 131/406/161 162/405/161
f 192/348/162 129/347/162 130/408/162 161/407/162
f 321/409/163 192/410/163 161/411/163 322/412/163
f 161/411/164 162/413/164 323/414/164 322/412/164
f 162/413/165 163/415/165 324/416/165 323/414/165
f 163/415/166 164/417/166 325/418/166 324/416/166
f 165/419/167 326/420/167 325/418/167 164/417/167
f 166/421/168 327/422/168 326/420/168 165/419/168
f 167/423/169 328/424/169 327/422/169 166/421/169
f 168/425/170 329/426/170 328/427/170 167/428/170
f 329/426/171 168/425/171 169/429/171 330/430/171
f 169/429/172 170/431/172 331/432/172 330/430/172
f 331/432/173 170/431/173 171/433/173 332/434/173
f 171/433/174 172/435/174 333/436/174 332/434/174
f 172/435/175 173/437/175 334/438/175 333/436/175
f 173/437/176 174/439/176 335/440/176 334/438/176
f 174/439/177 175/441/177 336/442/177 335/440/177
f 175/443/178 176/444/178 337/445/178 336/446/178
f 176/444/179 177/447/179 338/448/179 337/445/179
f 177/447/180 178/449/180 339/450/180 338/448/180
f 339/450/181 178/449/181 179/451/181 340/452/181
f 340/452/182 179/451/182 180/453/182 341/454/182
f 341/454/183 180/453/183 181/455/183 342/456/183
f 342/456/184 181/455/184 182/457/184 343/458/184
f 343/458/185 182/457/185 183/459/185 344/460/185
f 344/460/186 183/459/186 184/461/186 345/462/186
f 184/463/187 185/464/187 346/465/187 345/466/187
f 185/464/188 186/467/188 347/468/188 346/465/188
f 347/468/189 186/467/189 187/469/189 348/470/189
f 348/470/190 187/469/190 188/471/190 349/472/190
f 349/472/191 188/471/191 189/473/191 350/474/191
f 350/474/192 189/473/192 190/475/192 351/476/192
f 351/476/193 190/475/193 191/477/193 352/478/193
f 352/478/194 191/477/194 192/479/194 321/480/194
f 225/481/195 193/482/195 194/483/195 226/484/195
f 226/484/196 194/483/196 195/485/196 227/486/196
f 227/486/197 195/485/197 196/487/197 228/488/197
f 228/488/198 196/487/198 197/489/198 229/490/198
f 229/490/199 197/489/199 198/491/199 230/492/199
f 230/492/200 198/491/200 199/493/200 231/494/200
f 231/494/201 199/493/201 200/495/201 232/496/201
f 232/496/202 200/495/202 201/497/202 233/498/202
f 233/499/203 201/500/203 202/501/203 234/502/203
f 234/502/204 202/501/204 203/503/204 235/504/204
f 235/504/205 203/503/205 204/505/205 236/506/205
f 236/506/206 204/505/206 205/507/206 237/508/206
f 237/508/207 205/507/207 206/509/207 238/510/207
f 238/510/208 206/509/208 207/511/208 239/512/208
f 239/512/209 207/511/209 208/513/209 240/514/209
f 240/514/210 208/513/210 209/515/210 241/516/210
f 241/517/211 209/518/211 210/519/211 242/520/211
f 242/520/212 210/519/212 211/521/212 243/522/212
f 243/522/213 211/521/213 212/523/213 244/524/213
f 244/524/214 212/523/214 213/525/214 245/526/214
f 245/526/215 213/525/215 214/527/215 246/528/215
f 246/528/216 214/527/216 215/529/216 247/530/216
f 247/530/217 215/529/217 216/531/217 248/532/217
f 248/532/218 216/531/218 217/533/218 249/534/218
f 249/535/219 217/536/219 218/537/219 250/538/219
f 250/538/220 218/537/220 219/539/220 251/540/220
f 251/540/221 219/539/221 220/541/221 252/542/221
f 252/542/222 220/541/222 221/543/222 253/544/222
f 253/544/223 221/543/223 222/545/223 254/546/223
f 254/546/224 222/545/224 223/547/224 255/548/224
f 211/549/225 210/550/225 209/551/225 208/552/225 207/553/225 206/554/225 205/555/225 204/556/225 203/557/225 202/558/225 201/559/225 200/560/225 199/561/225 198/562/225 197/563/225 196/564/225 195/565/225 194/566/225 193/567/225 224/568/225 223/569/225 222/570/225 221/571/225 220/572/225 219/573/225 218/574/225 217/575/225 216/576/225 215/577/225 214/578/225 213/579/225 212/580/225
f 255/548/226 223/547/226 224/581/226 256/582/226
f 256/582/227 224/581/227 193/583/227 225/584/227
f 287/585/228 256/586/228 225/587/228 288/588/228
f 286/589/229 255/590/229 256/586/229 287/585/229
f 285/591/230 254/592/230 255/590/230 286/589/230
f 284/593/231 253/594/231 254/592/231 285/591/231
f 283/595/232 252/596/232 253/594/232 284/593/232
f 282/597/233 251/598/233 252/596/233 283/595/233
f 281/599/234 250/600/234 251/598/234 282/597/234
f 280/601/235 249/602/235 250/600/235 281/599/235
f 279/603/236 248/604/236 249/602/236 280/601/236
f 278/605/237 247/606/237 248/604/237 279/603/237
f 277/607/238 246/608/238 247/606/238 278/605/238
f 276/609/239 245/610/239 246/608/239 277/607/239
f 275/611/240 244/612/240 245/610/240 276/609/240
f 274/613/241 243/614/241 244/612/241 275/611/241
f 273/615/242 242/616/242 243/614/242 274/613/242
f 272/617/243 241/618/243 242/616/243 273/615/243
f 271/619/244 240/620/244 241/618/244 272/617/244
f 270/621/245 239/622/245 240/620/245 271/619/245
f 269/623/246 238/624/246 239/622/246 270/621/246
f 268/625/247 237/626/247 238/624/247 269/623/247
f 267/627/248 236/628/248 237/626/248 268/625/248
f 266/629/249 235/630/249 236/628/249 267/627/249
f 265/631/250 234/632/250 235/630/250 266/629/250
f 264/633/251 233/634/251 234/632/251 265/631/251
f 263/635/252 232/636/252 233/634/252 264/633/252
f 262/637/253 231/638/253 232/636/253 263/635/253
f 261/639/254 230/640/254 231/638/254 262/637/254
f 260/641/255 229/642/255 230/640/255 261/639/255
f 259/643/256 228/644/256 229/642/256 260/641/256
f 258/645/257 227/646/257 228/644/257 259/643/257
f 257/647/258 226/648/258 227/646/258 258/645/258
f 288/588/259 225/587/259 226/648/259 257/647/259
f 288/649/260 257/650/260 354/651/260 353/652/260
f 257/650/261 258/653/261 355/654/261 354/651/261
f 258/653/262 259/655/262 356/656/262 355/654/262
f 259/655/263 260/657/263 357/658/263 356/656/263
f 260/657/264 261/659/264 358/660/264 357/658/264
f 262/661/265 359/662/265 358/660/265 261/659/265
f 263/663/266 360/664/266 359/662/266 262/661/266
f 264/665/267 361/666/267 360/664/267 263/663/267
f 361/667/268 264/668/268 265/669/268 362/670/268
f 362/670/269 265/669/269 266/671/269 363/672/269
f 363/672/270 266/671/270 267/673/270 364/674/270
f 364/674/271 267/673/271 268/675/271 365/676/271
f 365/676/272 268/675/272 269/677/272 366/678/272
f 270/679/273 367/680/273 366/678/273 269/677/273
f 367/680/274 270/679/274 271/681/274 368/682/274
f 368/682/275 271/681/275 272/683/275 369/684/275
f 369/685/276 272/686/276 273/687/276 370/688/276
f 370/688/277 273/687/277 274/689/277 371/690/277
f 371/690/278 274/689/278 275/691/278 372/692/278
f 372/692/279 275/691/279 276/693/279 373/694/279
f 373/694/280 276/693/280 277/695/280 374/696/280
f 374/696/281 277/695/281 278/697/281 375/698/281
f 375/698/282 278/697/282 279/699/282 376/700/282
f 376/700/283 279/699/283 280/701/283 377/702/283
f 280/703/284 281/704/284 378/705/284 377/706/284
f 281/704/285 282/707/285 379/708/285 378/705/285
f 282/707/286 283/709/286 380/710/286 379/708/286
f 283/709/287 284/711/287 381/712/287 380/710/287
f 284/711/288 285/713/288 382/714/288 381/712/288
f 382/714/289 285/713/289 286/715/289 383/716/289
f 383/716/290 286/715/290 287/717/290 384/718/290
f 384/718/291 287/717/291 288/719/291 353/720/291
f 321/721/292 322/722/292 323/723/292 324/724/292 325/725/292 326/726/292 327/727/292 328/728/292 329/729/292 330/730/292 331/731/292 332/732/292 333/733/292 334/734/292 335/735/292 336/736/292 337/737/292 338/738/292 339/739/292 340/740/292 341/741/292 342/742/292 343/743/292 344/744/292 345/745/292 346/746/292 347/747/292 348/748/292 349/749/292 350/750/292 351/751/292 352/752/292
f 353/753/293 354/754/293 355/755/293 356/756/293 357/757/293 358/758/293 359/759/293 360/760/293 361/761/293 362/762/293 363/763/293 364/764/293 365/765/293 366/766/293 367/767/293 368/768/293 369/769/293 370/770/293 371/771/293 372/772/293 373/773/293 374/774/293 375/775/293 376/776/293 377/777/293 378/778/293 379/779/293 380/780/293 381/781/293 382/782/293 383/783/293 384/784/293
f 289/785/294 290/786/294 291/787/294 292/788/294 293/789/294 294/790/294 295/791/294 296/792/294 297/793/294 298/794/294 299/795/294 300/796/294 301/797/294 302/798/294 303/799/294 304/800/294 305/801/294 306/802/294 307/803/294 308/804/294 309/805/294 310/806/294 311/807/294 312/808/294 313/809/294 314/810/294 315/811/294 316/812/294 317/813/294 318/814/294 319/815/294 320/816/294
usemtl 
f 407/817/295 396/818/295 395/819/295 386/820/295
f 386/821/296 395/822/296 397/823/296 388/824/296
f 388/820/297 397/819/297 398/818/297 408/817/297
f 408/817/298 398/818/298 399/825/298 391/826/298
f 387/827/299 385/828/299 394/829/299 392/830/299 390/831/299 389/832/299
f 391/833/300 399/823/300 400/822/300 393/834/300
f 393/826/301 400/825/301 396/818/301 407/817/301
f 385/828/302 387/827/302 395/835/302 396/836/302
f 387/827/303 389/832/303 397/837/303 395/835/303
f 389/832/304 390/831/304 398/838/304 397/837/304
f 390/831/305 392/830/305 399/839/305 398/838/305
f 392/830/306 394/829/306 400/840/306 399/839/306
f 394/829/307 385/828/307 396/836/307 400/840/307
f 402/841/308 401/842/308 406/843/308 405/844/308 404/845/308 403/846/308
f 401/842/292 402/841/292 393/847/292 407/848/292
f 402/841/309 403/846/309 391/849/309 393/847/309
f 403/846/294 404/845/294 408/850/294 391/849/294
f 404/845/310 405/844/310 388/851/310 408/850/310
f 405/844/293 406/843/293 386/852/293 388/851/293
f 406/843/311 401/842/311 407/848/311 386/852/311
usemtl Material
f 441/853/312 409/854/312 410/855/312 442/856/312
f 442/856/313 410/855/313 411/857/313 443/858/313
f 443/858/314 411/857/314 412/859/314 444/860/314
f 444/860/315 412/859/315 413/861/315 445/862/315
f 445/862/316 413/861/316 414/863/316 446/864/316
f 446/864/317 414/863/317 415/865/317 447/866/317
f 447/866/318 415/865/318 416/867/318 448/868/318
f 448/868/319 416/867/319 417/869/319 449/870/319
f 449/871/320 417/872/320 418/873/320 450/874/320
f 450/874/321 418/873/321 419/875/321 451/876/321
f 451/876/322 419/875/322 420/877/322 452/878/322
f 452/878/323 420/877/323 421/879/323 453/880/323
f 453/880/324 421/879/324 422/881/324 454/882/324
f 454/882/325 422/881/325 423/883/325 455/884/325
f 455/884/326 423/883/326 424/885/326 456/886/326
f 456/886/327 424/885/327 425/887/327 457/888/327
f 457/889/328 425/890/328 426/891/328 458/892/328
f 458/892/329 426/891/329 427/893/329 459/894/329
f 459/894/330 427/893/330 428/895/330 460/896/330
f 460/896/331 428/895/331 429/897/331 461/898/331
f 461/898/332 429/897/332 430/899/332 462/900/332
f 462/900/333 430/899/333 431/901/333 463/902/333
f 463/902/334 431/901/334 432/903/334 464/904/334
f 464/904/335 432/903/335 433/905/335 465/906/335
f 465/907/336 433/908/336 434/909/336 466/910/336
f 466/910/337 434/909/337 435/911/337 467/912/337
f 467/912/338 435/911/338 436/913/338 468/914/338
f 468/914/339 436/913/339 437/915/339 469/916/339
f 469/916/340 437/915/340 438/917/340 470/918/340
f 470/918/341 438/917/341 439/919/341 471/920/341
f 427/921/342 426/922/342 425/923/342 424/924/342 423/925/342 422/926/342 421/927/342 420/928/342 419/929/342 418/930/342 417/931/342 416/932/342 415/933/342 414/572/342 413/934/342 412/935/342 411/936/342 410/937/342 409/938/342 440/939/342 439/940/342 438/941/342 437/942/342 436/943/342 435/944/342 434/945/342 433/946/342 432/947/342 431/948/342 430/949/342 429/950/342 428/951/342
f 471/920/343 439/919/343 440/952/343 472/953/343
f 472/954/344 440/955/344 409/854/344 441/853/344
f 503/956/345 472/957/345 441/958/345 504/959/345
f 502/960/346 471/961/346 472/957/346 503/956/346
f 501/962/347 470/963/347 471/961/347 502/960/347
f 500/964/348 469/965/348 470/963/348 501/962/348
f 499/966/349 468/967/349 469/965/349 500/964/349
f 498/968/350 467/969/350 468/967/350 499/966/350
f 497/970/351 466/971/351 467/969/351 498/968/351
f 496/972/352 465/973/352 466/971/352 497/970/352
f 495/974/353 464/975/353 465/973/353 496/972/353
f 494/976/354 463/977/354 464/975/354 495/974/354
f 493/978/355 462/979/355 463/977/355 494/976/355
f 492/980/356 461/981/356 462/979/356 493/978/356
f 491/982/357 460/983/357 461/981/357 492/980/357
f 490/984/358 459/985/358 460/983/358 491/982/358
f 489/986/359 458/987/359 459/985/359 490/984/359
f 488/988/360 457/989/360 458/987/360 489/986/360
f 487/990/361 456/991/361 457/989/361 488/988/361
f 486/992/362 455/993/362 456/991/362 487/990/362
f 485/994/363 454/644/363 455/993/363 486/992/363
f 484/995/364 453/996/364 454/644/364 485/994/364
f 483/997/365 452/998/365 453/996/365 484/995/365
f 482/999/366 451/1000/366 452/998/366 483/997/366
f 481/1001/367 450/1002/367 451/1000/367 482/999/367
f 480/1003/368 449/1004/368 450/1002/368 481/1001/368
f 479/1005/369 448/1006/369 449/1004/369 480/1003/369
f 478/1007/370 447/1008/370 448/1006/370 479/1005/370
f 477/1009/371 446/1010/371 447/1008/371 478/1007/371
f 476/1011/372 445/1012/372 446/1010/372 477/1009/372
f 475/1013/373 444/1014/373 445/1012/373 476/1011/373
f 474/1015/374 443/1016/374 444/1014/374 475/1013/374
f 473/1017/375 442/1018/375 443/1016/375 474/1015/375
f 504/959/376 441/958/376 442/1018/376 473/1017/376
f 697/1019/377 504/1020/377 473/1021/377 698/1022/377
f 698/1022/378 473/1021/378 474/1023/378 699/1024/378
f 699/1024/379 474/1023/379 475/1025/379 700/1026/379
f 700/1026/380 475/1025/380 476/1027/380 701/1028/380
f 701/1028/381 476/1027/381 477/1029/381 702/1030/381
f 702/1030/382 477/1029/382 478/1031/382 703/1032/382
f 703/1032/383 478/1031/383 479/1033/383 704/1034/383
f 704/1034/384 479/1033/384 480/1035/384 705/1036/384
f 705/1037/385 480/1038/385 481/1039/385 706/1040/385
f 706/1040/386 481/1039/386 482/1041/386 707/1042/386
f 707/1042/387 482/1041/387 483/1043/387 708/1044/387
f 708/1044/388 483/1043/388 484/1045/388 709/1046/388
f 484/1045/389 485/1047/389 710/1048/389 709/1046/389
f 485/1047/390 486/1049/390 711/1050/390 710/1048/390
f 486/1049/391 487/1051/391 712/1052/391 711/1050/391
f 487/1051/392 488/1053/392 713/1054/392 712/1052/392
f 488/1055/393 489/1056/393 714/1057/393 713/1058/393
f 489/1056/394 490/1059/394 715/1060/394 714/1057/394
f 490/1059/395 491/1061/395 716/1062/395 715/1060/395
f 491/1061/396 492/1063/396 717/1064/396 716/1062/396
f 492/1063/397 493/1065/397 718/1066/397 717/1064/397
f 493/1065/398 494/1067/398 719/1068/398 718/1066/398
f 494/1067/399 495/1069/399 720/1070/399 719/1068/399
f 495/1069/400 496/1071/400 721/1072/400 720/1070/400
f 497/1073/401 722/1074/401 721/1075/401 496/1076/401
f 498/1077/402 723/1078/402 722/1074/402 497/1073/402
f 499/1079/403 724/1080/403 723/1078/403 498/1077/403
f 724/1080/404 499/1079/404 500/1081/404 725/1082/404
f 725/1082/405 500/1081/405 501/1083/405 726/1084/405
f 726/1084/406 501/1083/406 502/1085/406 727/1086/406
f 727/1086/407 502/1085/407 503/1087/407 728/1088/407
f 728/1089/408 503/1090/408 504/1020/408 697/1019/408
f 537/516/409 505/1091/409 506/1092/409 538/1093/409
f 538/1093/410 506/1092/410 507/1094/410 539/1095/410
f 539/1095/411 507/1094/411 508/1096/411 540/1097/411
f 540/1097/412 508/1096/412 509/1098/412 541/1099/412
f 541/1099/413 509/1098/413 510/1100/413 542/1101/413
f 542/1101/414 510/1100/414 511/1102/414 543/1103/414
f 543/1103/415 511/1102/415 512/1104/415 544/1105/415
f 544/1105/416 512/1104/416 513/1106/416 545/1107/416
f 545/1108/417 513/1109/417 514/1110/417 546/1111/417
f 546/1111/418 514/1110/418 515/1112/418 547/1113/418
f 547/1113/419 515/1112/419 516/1114/419 548/1115/419
f 548/1115/420 516/1114/420 517/1116/420 549/1117/420
f 549/1117/421 517/1116/421 518/1118/421 550/1119/421
f 550/1119/422 518/1118/422 519/1120/422 551/1121/422
f 551/1121/423 519/1120/423 520/1122/423 552/1123/423
f 552/1123/424 520/1122/424 521/1124/424 553/1125/424
f 553/1125/425 521/1124/425 522/1126/425 554/1127/425
f 554/1128/426 522/1129/426 523/1130/426 555/1131/426
f 555/1131/427 523/1130/427 524/1132/427 556/1133/427
f 556/1133/428 524/1132/428 525/1134/428 557/1135/428
f 557/1135/429 525/1134/429 526/1136/429 558/1137/429
f 558/1137/430 526/1136/430 527/1138/430 559/1139/430
f 559/1139/431 527/1138/431 528/1140/431 560/1141/431
f 560/1141/432 528/1140/432 529/1142/432 561/1143/432
f 561/1144/433 529/1145/433 530/1146/433 562/1147/433
f 562/1147/434 530/1146/434 531/1148/434 563/1149/434
f 563/1149/435 531/1148/435 532/1150/435 564/1151/435
f 564/1151/436 532/1150/436 533/1152/436 565/1153/436
f 565/1153/437 533/1152/437 534/1154/437 566/1155/437
f 566/1155/438 534/1154/438 535/1156/438 567/1157/438
f 523/1158/439 522/1159/439 521/1160/439 520/1161/439 519/1162/439 518/1163/439 517/1164/439 516/1165/439 515/1166/439 514/1167/439 513/1168/439 512/1169/439 511/1170/439 510/1171/439 509/1172/439 508/1173/439 507/1174/439 506/1175/439 505/1176/439 536/1177/439 535/1178/439 534/1179/439 533/1180/439 532/1181/439 531/1182/439 530/1183/439 529/1184/439 528/1185/439 527/1186/439 526/1187/439 525/1188/439 524/1189/439
f 567/1157/440 535/1156/440 536/1190/440 568/1191/440
f 568/1191/441 536/1190/441 505/1192/441 537/1193/441
f 599/1194/442 568/1195/442 537/1196/442 600/1197/442
f 598/1198/443 567/1199/443 568/1195/443 599/1194/443
f 597/1200/444 566/1201/444 567/1199/444 598/1198/444
f 596/1202/445 565/1203/445 566/1201/445 597/1200/445
f 595/1204/446 564/1205/446 565/1203/446 596/1202/446
f 594/1206/447 563/1207/447 564/1205/447 595/1204/447
f 593/1208/448 562/1209/448 563/1207/448 594/1206/448
f 592/1210/449 561/1211/449 562/1209/449 593/1208/449
f 591/1212/450 560/1213/450 561/1211/450 592/1210/450
f 590/1214/451 559/1215/451 560/1213/451 591/1212/451
f 589/1216/452 558/1217/452 559/1215/452 590/1214/452
f 588/1218/453 557/1219/453 558/1217/453 589/1216/453
f 587/1220/454 556/1221/454 557/1219/454 588/1218/454
f 586/1222/455 555/1223/455 556/1221/455 587/1220/455
f 585/1224/456 554/1225/456 555/1223/456 586/1222/456
f 584/1226/457 553/1227/457 554/1225/457 585/1224/457
f 583/1228/458 552/1229/458 553/1227/458 584/1226/458
f 582/1230/459 551/1231/459 552/1229/459 583/1228/459
f 581/1232/460 550/1233/460 551/1231/460 582/1230/460
f 580/1234/461 549/1235/461 550/1233/461 581/1232/461
f 579/1236/462 548/1237/462 549/1235/462 580/1234/462
f 578/1238/463 547/1239/463 548/1237/463 579/1236/463
f 577/1240/464 546/1241/464 547/1239/464 578/1238/464
f 576/1242/465 545/1243/465 546/1241/465 577/1240/465
f 575/1244/466 544/1245/466 545/1243/466 576/1242/466
f 574/1246/467 543/1247/467 544/1245/467 575/1244/467
f 573/1248/468 542/1249/468 543/1247/468 574/1246/468
f 572/1250/469 541/1251/469 542/1249/469 573/1248/469
f 571/1252/470 540/1253/470 541/1251/470 572/1250/470
f 570/1254/471 539/1255/471 540/1253/471 571/1252/471
f 569/1256/472 538/1257/472 539/1255/472 570/1254/472
f 600/1197/473 537/1196/473 538/1257/473 569/1256/473
f 729/1258/474 600/1259/474 569/1260/474 730/1261/474
f 569/1260/475 570/1262/475 731/1263/475 730/1261/475
f 570/1262/476 571/1264/476 732/1265/476 731/1263/476
f 571/1264/477 572/1266/477 733/1267/477 732/1265/477
f 573/1268/478 734/1269/478 733/1267/478 572/1266/478
f 574/1270/479 735/1271/479 734/1269/479 573/1268/479
f 575/1272/480 736/1273/480 735/1271/480 574/1270/480
f 576/1274/481 737/1275/481 736/1273/481 575/1272/481
f 737/1276/482 576/1277/482 577/1278/482 738/1279/482
f 577/1278/483 578/1280/483 739/1281/483 738/1279/483
f 739/1281/484 578/1280/484 579/1282/484 740/1283/484
f 579/1282/485 580/1284/485 741/1285/485 740/1283/485
f 580/1284/486 581/1286/486 742/1287/486 741/1285/486
f 581/1286/487 582/1288/487 743/1289/487 742/1287/487
f 582/1288/488 583/1290/488 744/1291/488 743/1289/488
f 583/1290/489 584/1292/489 745/1293/489 744/1291/489
f 584/1292/490 585/1294/490 746/1295/490 745/1293/490
f 585/1296/491 586/1297/491 747/1298/491 746/1299/491
f 747/1298/492 586/1297/492 587/1300/492 748/1301/492
f 748/1301/493 587/1300/493 588/1302/493 749/1303/493
f 749/1303/494 588/1302/494 589/1304/494 750/1305/494
f 750/1305/495 589/1304/495 590/1306/495 751/1307/495
f 751/1307/496 590/1306/496 591/1308/496 752/1309/496
f 752/1309/497 591/1308/497 592/1310/497 753/1311/497
f 592/1312/498 593/1313/498 754/1314/498 753/1315/498
f 593/1313/499 594/1316/499 755/1317/499 754/1314/499
f 755/1317/500 594/1316/500 595/1318/500 756/1319/500
f 756/1319/501 595/1318/501 596/1320/501 757/1321/501
f 757/1321/502 596/1320/502 597/1322/502 758/1323/502
f 758/1323/503 597/1322/503 598/1324/503 759/1325/503
f 759/1325/504 598/1324/504 599/1326/504 760/1327/504
f 760/1327/505 599/1326/505 600/1328/505 729/1329/505
f 633/1330/506 601/1331/506 602/1332/506 634/1333/506
f 634/1333/507 602/1332/507 603/1334/507 635/1335/507
f 635/1335/508 603/1334/508 604/1336/508 636/1337/508
f 636/1337/509 604/1336/509 605/1338/509 637/1339/509
f 637/1339/510 605/1338/510 606/1340/510 638/1341/510
f 638/1341/511 606/1340/511 607/1342/511 639/1343/511
f 639/1343/512 607/1342/512 608/1344/512 640/1345/512
f 640/1346/513 608/1347/513 609/1348/513 641/1349/513
f 641/1349/514 609/1348/514 610/1350/514 642/1351/514
f 642/1351/515 610/1350/515 611/1352/515 643/1353/515
f 643/1353/516 611/1352/516 612/1354/516 644/1355/516
f 644/1355/517 612/1354/517 613/1356/517 645/1357/517
f 645/1357/518 613/1356/518 614/1358/518 646/1359/518
f 646/1359/519 614/1358/519 615/1360/519 647/1361/519
f 647/1361/520 615/1360/520 616/1362/520 648/1363/520
f 648/1364/521 616/1365/521 617/1366/521 649/1367/521
f 649/1367/522 617/1366/522 618/1368/522 650/1369/522
f 650/1369/523 618/1368/523 619/1370/523 651/1371/523
f 651/1371/524 619/1370/524 620/1372/524 652/1373/524
f 652/1373/525 620/1372/525 621/1374/525 653/1375/525
f 653/1375/526 621/1374/526 622/1376/526 654/1377/526
f 654/1377/527 622/1376/527 623/1378/527 655/1379/527
f 655/1379/528 623/1378/528 624/1380/528 656/1381/528
f 656/1381/529 624/1380/529 625/1382/529 657/1383/529
f 657/1384/530 625/1385/530 626/1386/530 658/1387/530
f 658/1387/531 626/1386/531 627/1388/531 659/1389/531
f 659/1389/532 627/1388/532 628/1390/532 660/1391/532
f 660/1391/533 628/1390/533 629/1392/533 661/1393/533
f 661/1393/534 629/1392/534 630/1394/534 662/1395/534
f 662/1395/535 630/1394/535 631/1396/535 663/1397/535
f 619/1398/536 618/1399/536 617/1400/536 616/1401/536 615/1402/536 614/1403/536 613/1404/536 612/1405/536 611/1406/536 610/1407/536 609/1408/536 608/1409/536 607/1410/536 606/1411/536 605/1412/536 604/1413/536 603/1414/536 602/1415/536 601/1416/536 632/1417/536 631/1418/536 630/1419/536 629/1420/536 628/1421/536 627/1422/536 626/1423/536 625/1424/536 624/1425/536 623/1426/536 622/1427/536 621/1428/536 620/1429/536
f 663/1397/537 631/1396/537 632/1430/537 664/1431/537
f 664/1431/538 632/1430/538 601/1432/538 633/1433/538
f 695/1434/539 664/1435/539 633/1436/539 696/1437/539
f 694/1438/540 663/1439/540 664/1435/540 695/1434/540
f 693/1440/541 662/1441/541 663/1439/541 694/1438/541
f 692/1442/542 661/1443/542 662/1441/542 693/1440/542
f 691/1444/543 660/1445/543 661/1443/543 692/1442/543
f 690/1446/544 659/1447/544 660/1445/544 691/1444/544
f 689/1448/545 658/1449/545 659/1447/545 690/1446/545
f 688/1450/546 657/1451/546 658/1449/546 689/1448/546
f 687/1452/547 656/1453/547 657/1451/547 688/1450/547
f 686/1454/548 655/1455/548 656/1453/548 687/1452/548
f 685/1456/549 654/1457/549 655/1455/549 686/1454/549
f 684/1458/550 653/1459/550 654/1457/550 685/1456/550
f 683/1460/551 652/1461/551 653/1459/551 684/1458/551
f 682/1462/552 651/1463/552 652/1461/552 683/1460/552
f 681/1464/553 650/1465/553 651/1463/553 682/1462/553
f 680/1466/554 649/1467/554 650/1465/554 681/1464/554
f 679/1468/555 648/1469/555 649/1467/555 680/1466/555
f 678/1470/556 647/1471/556 648/1469/556 679/1468/556
f 677/1472/557 646/1473/557 647/1471/557 678/1470/557
f 676/1474/558 645/1475/558 646/1473/558 677/1472/558
f 675/1476/559 644/1477/559 645/1475/559 676/1474/559
f 674/1478/560 643/1479/560 644/1477/560 675/1476/560
f 673/1480/561 642/1481/561 643/1479/561 674/1478/561
f 672/1482/562 641/1483/562 642/1481/562 673/1480/562
f 671/1484/563 640/1485/563 641/1483/563 672/1482/563
f 670/1486/564 639/1487/564 640/1485/564 671/1484/564
f 669/1488/565 638/1489/565 639/1487/565 670/1486/565
f 668/1490/566 637/1491/566 638/1489/566 669/1488/566
f 667/1492/567 636/1493/567 637/1491/567 668/1490/567
f 666/1494/568 635/1495/568 636/1493/568 667/1492/568
f 665/1496/569 634/1497/569 635/1495/569 666/1494/569
f 696/1437/570 633/1436/570 634/1497/570 665/1496/570
f 696/1498/571 665/1499/571 762/1500/571 761/1501/571
f 665/1499/572 666/1502/572 763/1503/572 762/1500/572
f 666/1502/573 667/1504/573 764/1505/573 763/1503/573
f 667/1504/574 668/1506/574 765/1507/574 764/1505/574
f 668/1506/575 669/1508/575 766/1509/575 765/1507/575
f 670/1510/576 767/1511/576 766/1509/576 669/1508/576
f 671/1512/577 768/1513/577 767/1511/577 670/1510/577
f 672/1514/578 769/1515/578 768/1516/578 671/1517/578
f 769/1515/579 672/1514/579 673/1518/579 770/1519/579
f 770/1519/580 673/1518/580 674/1520/580 771/1521/580
f 771/1521/581 674/1520/581 675/1522/581 772/1523/581
f 772/1523/582 675/1522/582 676/1524/582 773/1525/582
f 773/1525/583 676/1524/583 677/1526/583 774/1527/583
f 678/1528/584 775/1529/584 774/1527/584 677/1526/584
f 775/1529/585 678/1528/585 679/1530/585 776/1531/585
f 776/1532/586 679/1533/586 680/1534/586 777/1535/586
f 777/1535/587 680/1534/587 681/1536/587 778/1537/587
f 778/1537/588 681/1536/588 682/1538/588 779/1539/588
f 779/1539/589 682/1538/589 683/1540/589 780/1541/589
f 780/1541/590 683/1540/590 684/1542/590 781/1543/590
f 781/1543/591 684/1542/591 685/1544/591 782/1545/591
f 782/1545/592 685/1544/592 686/1546/592 783/1547/592
f 783/1547/593 686/1546/593 687/1548/593 784/1549/593
f 784/1549/594 687/1548/594 688/1550/594 785/1551/594
f 688/1552/595 689/1553/595 786/1554/595 785/1555/595
f 689/1553/596 690/1556/596 787/1557/596 786/1554/596
f 690/1556/597 691/1558/597 788/1559/597 787/1557/597
f 691/1558/598 692/1560/598 789/1561/598 788/1559/598
f 692/1560/599 693/1562/599 790/1563/599 789/1561/599
f 790/1563/600 693/1562/600 694/1564/600 791/1565/600
f 791/1565/601 694/1564/601 695/1566/601 792/1567/601
f 792/1567/602 695/1566/602 696/1568/602 761/1569/602
f 729/1570/304 730/1571/304 731/1572/304 732/1573/304 733/1574/304 734/1575/304 735/1576/304 736/1577/304 737/1578/304 738/1579/304 739/1580/304 740/1581/304 741/1582/304 742/1583/304 743/1584/304 744/1585/304 745/1586/304 746/1587/304 747/1588/304 748/1589/304 749/1590/304 750/1591/304 751/1592/304 752/1593/304 753/1594/304 754/1595/304 755/1596/304 756/1597/304 757/1598/304 758/1599/304 759/1600/304 760/1601/304
f 761/1602/302 762/1603/302 763/1604/302 764/1605/302 765/1606/302 766/1607/302 767/1608/302 768/1609/302 769/1610/302 770/1611/302 771/1612/302 772/1613/302 773/1614/302 774/1615/302 775/1616/302 776/1617/302 777/1618/302 778/1619/302 779/1620/302 780/1621/302 781/1622/302 782/1623/302 783/1624/302 784/1625/302 785/1626/302 786/1627/302 787/1628/302 788/1629/302 789/1630/302 790/1631/302 791/1632/302 792/1633/302
f 697/1634/306 698/1635/306 699/1636/306 700/1637/306 701/1638/306 702/1639/306 703/1640/306 704/1641/306 705/1642/306 706/1643/306 707/1644/306 708/1645/306 709/1646/306 710/1647/306 711/1648/306 712/1649/306 713/1650/306 714/1651/306 715/1652/306 716/1653/306 717/1654/306 718/1655/306 719/1656/306 720/1657/306 721/1658/306 722/1659/306 723/1660/306 724/1661/306 725/1662/306 726/1663/306 727/1664/306 728/770/306
