# Blender 5.2.0 LTS
# www.blender.org
mtllib hornet.mtl
o Cylinder
v 0.000000 -0.034928 0.030362
v 0.006814 -0.034257 0.030362
v 0.013367 -0.032270 0.030362
v 0.019405 -0.029042 0.030362
v 0.024698 -0.024698 0.030362
v 0.029042 -0.019405 0.030362
v 0.032270 -0.013367 0.030362
v 0.034257 -0.006814 0.030362
v 0.034928 0.000000 0.030362
v 0.034257 0.006814 0.030362
v 0.032270 0.013367 0.030362
v 0.029042 0.019405 0.030362
v 0.024698 0.024698 0.030362
v 0.019405 0.029042 0.030362
v 0.013367 0.032270 0.030362
v 0.006814 0.034257 0.030362
v 0.000000 0.034928 0.030362
v -0.006814 0.034257 0.030362
v -0.013367 0.032270 0.030362
v -0.019405 0.029042 0.030362
v -0.024698 0.024698 0.030362
v -0.029042 0.019405 0.030362
v -0.032270 0.013367 0.030362
v -0.034257 0.006814 0.030362
v -0.034928 0.000000 0.030362
v -0.034257 -0.006814 0.030362
v -0.032270 -0.013367 0.030362
v -0.029042 -0.019405 0.030362
v -0.024698 -0.024698 0.030362
v -0.019405 -0.029042 0.030362
v -0.013367 -0.032270 0.030362
v -0.006814 -0.034257 0.030362
v 0.000000 -0.046367 -0.011807
v 0.000000 -0.045443 0.002715
v 0.000000 -0.046844 -0.008485
v 0.000000 -0.046988 -0.005050
v 0.000000 -0.046784 -0.001837
v 0.000000 -0.046251 0.000838
v 0.008866 -0.044570 0.002715
v 0.009046 -0.045476 -0.011807
v 0.009023 -0.045363 0.000838
v 0.009127 -0.045885 -0.001837
v 0.009167 -0.046085 -0.005050
v 0.009139 -0.045944 -0.008485
v 0.017390 -0.041984 0.002715
v 0.017744 -0.042837 -0.011807
v 0.017700 -0.042731 0.000838
v 0.017903 -0.043222 -0.001837
v 0.017981 -0.043411 -0.005050
v 0.017927 -0.043278 -0.008485
v 0.025247 -0.037785 0.002715
v 0.025760 -0.038552 -0.011807
v 0.025696 -0.038457 0.000838
v 0.025992 -0.038899 -0.001837
v 0.026105 -0.039069 -0.005050
v 0.026025 -0.038950 -0.008485
v 0.032133 -0.032133 0.002715
v 0.032786 -0.032786 -0.011807
v 0.032705 -0.032705 0.000838
v 0.033081 -0.033081 -0.001837
v 0.033225 -0.033225 -0.005050
v 0.033124 -0.033124 -0.008485
v 0.037785 -0.025247 0.002715
v 0.038552 -0.025760 -0.011807
v 0.038457 -0.025696 0.000838
v 0.038899 -0.025992 -0.001837
v 0.039069 -0.026105 -0.005050
v 0.038950 -0.026025 -0.008485
v 0.041984 -0.017390 0.002715
v 0.042837 -0.017744 -0.011807
v 0.042731 -0.017700 0.000838
v 0.043222 -0.017903 -0.001837
v 0.043411 -0.017981 -0.005050
v 0.043278 -0.017927 -0.008485
v 0.044570 -0.008866 0.002715
v 0.045476 -0.009046 -0.011807
v 0.045363 -0.009023 0.000838
v 0.045885 -0.009127 -0.001837
v 0.046085 -0.009167 -0.005050
v 0.045944 -0.009139 -0.008485
v 0.045443 -0.000000 0.002715
v 0.046367 -0.000000 -0.011807
v 0.046251 -0.000000 0.000838
v 0.046784 -0.000000 -0.001837
v 0.046988 -0.000000 -0.005050
v 0.046844 -0.000000 -0.008485
v 0.044570 0.008866 0.002715
v 0.045476 0.009046 -0.011807
v 0.045363 0.009023 0.000838
v 0.045885 0.009127 -0.001837
v 0.046085 0.009167 -0.005050
v 0.045944 0.009139 -0.008485
v 0.041984 0.017390 0.002715
v 0.042837 0.017744 -0.011807
v 0.042731 0.017700 0.000838
v 0.043222 0.017903 -0.001837
v 0.043411 0.017981 -0.005050
v 0.043278 0.017927 -0.008485
v 0.037785 0.025247 0.002715
v 0.038552 0.025760 -0.011807
v 0.038457 0.025696 0.000838
v 0.038899 0.025992 -0.001837
v 0.039069 0.026105 -0.005050
v 0.038950 0.026025 -0.008485
v 0.032133 0.032133 0.002715
v 0.032786 0.032786 -0.011807
v 0.032705 0.032705 0.000838
v 0.033081 0.033081 -0.001837
v 0.033225 0.033225 -0.005050
v 0.033124 0.033124 -0.008485
v 0.025247 0.037785 0.002715
v 0.025760 0.038552 -0.011807
v 0.025696 0.038457 0.000838
v 0.025992 0.038899 -0.001837
v 0.026105 0.039069 -0.005050
v 0.026025 0.038950 -0.008485
v 0.017390 0.041984 0.002715
v 0.017744 0.042837 -0.011807
v 0.017700 0.042731 0.000838
v 0.017903 0.043222 -0.001837
v 0.017981 0.043411 -0.005050
v 0.017927 0.043278 -0.008485
v 0.008866 0.044570 0.002715
v 0.009046 0.045476 -0.011807
v 0.009023 0.045363 0.000838
v 0.009127 0.045885 -0.001837
v 0.009167 0.046085 -0.005050
v 0.009139 0.045944 -0.008485
v 0.000000 0.045443 0.002715
v 0.000000 0.046367 -0.011807
v 0.000000 0.046251 0.000838
v 0.000000 0.046784 -0.001837
v 0.000000 0.046988 -0.005050
v 0.000000 0.046844 -0.008485
v -0.008866 0.044570 0.002715
v -0.009046 0.045476 -0.011807
v -0.009023 0.045363 0.000838
v -0.009127 0.045885 -0.001837
v -0.009167 0.046085 -0.005050
v -0.009139 0.045944 -0.008485
v -0.017390 0.041984 0.002715
v -0.017744 0.042837 -0.011807
v -0.017700 0.042731 0.000838
v -0.017903 0.043222 -0.001837
v -0.017981 0.043411 -0.005050
v -0.017927 0.043278 -0.008485
v -0.025247 0.037785 0.002715
v -0.025760 0.038552 -0.011807
v -0.025696 0.038457 0.000838
v -0.025992 0.038899 -0.001837
v -0.026105 0.039069 -0.005050
v -0.026025 0.038950 -0.008485
v -0.032133 0.032133 0.002715
v -0.032786 0.032786 -0.011807
v -0.032705 0.032705 0.000838
v -0.033081 0.033081 -0.001837
v -0.033225 0.033225 -0.005050
v -0.033124 0.033124 -0.008485
v -0.037785 0.025247 0.002715
v -0.038552 0.025760 -0.011807
v -0.038457 0.025696 0.000838
v -0.038899 0.025992 -0.001837
v -0.039069 0.026105 -0.005050
v -0.038950 0.026025 -0.008485
v -0.041984 0.017390 0.002715
v -0.042837 0.017744 -0.011807
v -0.042731 0.017700 0.000838
v -0.043222 0.017903 -0.001837
v -0.043411 0.017981 -0.005050
v -0.043278 0.017927 -0.008485
v -0.044570 0.008866 0.002715
v -0.045476 0.009046 -0.011807
v -0.045363 0.009023 0.000838
v -0.045885 0.009127 -0.001837
v -0.046085 0.009167 -0.005050
v -0.045944 0.009139 -0.008485
v -0.045443 -0.000000 0.002715
v -0.046367 -0.000000 -0.011807
v -0.046251 -0.000000 0.000838
v -0.046784 -0.000000 -0.001837
v -0.046988 -0.000000 -0.005050
v -0.046844 -0.000000 -0.008485
v -0.044570 -0.008866 0.002715
v -0.045476 -0.009046 -0.011807
v -0.045363 -0.009023 0.000838
v -0.045885 -0.009127 -0.001837
v -0.046085 -0.009167 -0.005050
v -0.045944 -0.009139 -0.008485
v -0.041984 -0.017390 0.002715
v -0.042837 -0.017744 -0.011807
v -0.042731 -0.017700 0.000838
v -0.043222 -0.017903 -0.001837
v -0.043411 -0.017981 -0.005050
v -0.043278 -0.017927 -0.008485
v -0.037785 -0.025247 0.002715
v -0.038552 -0.025760 -0.011807
v -0.038457 -0.025696 0.000838
v -0.038899 -0.025992 -0.001837
v -0.039069 -0.026105 -0.005050
v -0.038950 -0.026025 -0.008485
v -0.032133 -0.032133 0.002715
v -0.032786 -0.032786 -0.011807
v -0.032705 -0.032705 0.000838
v -0.033081 -0.033081 -0.001837
v -0.033225 -0.033225 -0.005050
v -0.033124 -0.033124 -0.008485
v -0.025247 -0.037785 0.002715
v -0.025760 -0.038552 -0.011807
v -0.025696 -0.038457 0.000838
v -0.025992 -0.038899 -0.001837
v -0.026105 -0.039069 -0.005050
v -0.026025 -0.038950 -0.008485
v -0.017390 -0.041984 0.002715
v -0.017744 -0.042837 -0.011807
v -0.017700 -0.042731 0.000838
v -0.017903 -0.043222 -0.001837
v -0.017981 -0.043411 -0.005050
v -0.017927 -0.043278 -0.008485
v -0.008866 -0.044570 0.002715
v -0.009046 -0.045476 -0.011807
v -0.009023 -0.045363 0.000838
v -0.009127 -0.045885 -0.001837
v -0.009167 -0.046085 -0.005050
v -0.009139 -0.045944 -0.008485
v 0.000000 -0.049092 0.105142
v 0.000000 -0.050881 0.117005
v 0.000000 -0.049645 0.107231
v 0.000000 -0.050143 0.109709
v 0.000000 -0.050539 0.112333
v 0.000000 -0.050793 0.114847
v 0.009926 -0.049903 0.117005
v 0.009577 -0.048148 0.105142
v 0.009909 -0.049817 0.114847
v 0.009860 -0.049568 0.112333
v 0.009782 -0.049180 0.109709
v 0.009685 -0.048691 0.107231
v 0.019471 -0.047008 0.117005
v 0.018787 -0.045355 0.105142
v 0.019438 -0.046927 0.114847
v 0.019340 -0.046692 0.112333
v 0.019189 -0.046326 0.109709
v 0.018998 -0.045866 0.107231
v 0.028268 -0.042306 0.117005
v 0.027274 -0.040818 0.105142
v 0.028219 -0.042233 0.114847
v 0.028078 -0.042022 0.112333
v 0.027858 -0.041693 0.109709
v 0.027581 -0.041278 0.107231
v 0.035978 -0.035978 0.117005
v 0.034713 -0.034713 0.105142
v 0.035916 -0.035916 0.114847
v 0.035736 -0.035736 0.112333
v 0.035457 -0.035457 0.109709
v 0.035104 -0.035104 0.107231
v 0.042306 -0.028268 0.117005
v 0.040818 -0.027274 0.105142
v 0.042233 -0.028219 0.114847
v 0.042022 -0.028078 0.112333
v 0.041693 -0.027858 0.109709
v 0.041278 -0.027581 0.107231
v 0.047008 -0.019471 0.117005
v 0.045355 -0.018787 0.105142
v 0.046927 -0.019438 0.114847
v 0.046692 -0.019340 0.112333
v 0.046326 -0.019189 0.109709
v 0.045866 -0.018998 0.107231
v 0.049903 -0.009926 0.117005
v 0.048148 -0.009577 0.105142
v 0.049817 -0.009909 0.114847
v 0.049568 -0.009860 0.112333
v 0.049180 -0.009782 0.109709
v 0.048691 -0.009685 0.107231
v 0.050881 0.000000 0.117005
v 0.049092 0.000000 0.105142
v 0.050793 0.000000 0.114847
v 0.050539 0.000000 0.112333
v 0.050143 0.000000 0.109709
v 0.049645 0.000000 0.107231
v 0.049903 0.009926 0.117005
v 0.048148 0.009577 0.105142
v 0.049817 0.009909 0.114847
v 0.049568 0.009860 0.112333
v 0.049180 0.009782 0.109709
v 0.048691 0.009685 0.107231
v 0.047008 0.019471 0.117005
v 0.045355 0.018787 0.105142
v 0.046927 0.019438 0.114847
v 0.046692 0.019340 0.112333
v 0.046326 0.019189 0.109709
v 0.045866 0.018998 0.107231
v 0.042306 0.028268 0.117005
v 0.040818 0.027274 0.105142
v 0.042233 0.028219 0.114847
v 0.042022 0.028078 0.112333
v 0.041693 0.027858 0.109709
v 0.041278 0.027581 0.107231
v 0.035978 0.035978 0.117005
v 0.034713 0.034713 0.105142
v 0.035916 0.035916 0.114847
v 0.035736 0.035736 0.112333
v 0.035457 0.035457 0.109709
v 0.035104 0.035104 0.107231
v 0.028268 0.042306 0.117005
v 0.027274 0.040818 0.105142
v 0.028219 0.042233 0.114847
v 0.028078 0.042022 0.112333
v 0.027858 0.041693 0.109709
v 0.027581 0.041278 0.107231
v 0.019471 0.047008 0.117005
v 0.018787 0.045355 0.105142
v 0.019438 0.046927 0.114847
v 0.019340 0.046692 0.112333
v 0.019189 0.046326 0.109709
v 0.018998 0.045866 0.107231
v 0.009926 0.049903 0.117005
v 0.009577 0.048148 0.105142
v 0.009909 0.049817 0.114847
v 0.009860 0.049568 0.112333
v 0.009782 0.049180 0.109709
v 0.009685 0.048691 0.107231
v 0.000000 0.050881 0.117005
v 0.000000 0.049092 0.105142
v 0.000000 0.050793 0.114847
v 0.000000 0.050539 0.112333
v 0.000000 0.050143 0.109709
v 0.000000 0.049645 0.107231
v -0.009926 0.049903 0.117005
v -0.009577 0.048148 0.105142
v -0.009909 0.049817 0.114847
v -0.009860 0.049568 0.112333
v -0.009782 0.049180 0.109709
v -0.009685 0.048691 0.107231
v -0.019471 0.047008 0.117005
v -0.018787 0.045355 0.105142
v -0.019438 0.046927 0.114847
v -0.019340 0.046692 0.112333
v -0.019189 0.046326 0.109709
v -0.018998 0.045866 0.107231
v -0.028268 0.042306 0.117005
v -0.027274 0.040818 0.105142
v -0.028219 0.042233 0.114847
v -0.028078 0.042022 0.112333
v -0.027858 0.041693 0.109709
v -0.027581 0.041278 0.107231
v -0.035978 0.035978 0.117005
v -0.034713 0.034713 0.105142
v -0.035916 0.035916 0.114847
v -0.035736 0.035736 0.112333
v -0.035457 0.035457 0.109709
v -0.035104 0.035104 0.107231
v -0.042306 0.028268 0.117005
v -0.040818 0.027274 0.105142
v -0.042233 0.028219 0.114847
v -0.042022 0.028078 0.112333
v -0.041693 0.027858 0.109709
v -0.041278 0.027581 0.107231
v -0.047008 0.019471 0.117005
v -0.045355 0.018787 0.105142
v -0.046927 0.019438 0.114847
v -0.046692 0.019340 0.112333
v -0.046326 0.019189 0.109709
v -0.045866 0.018998 0.107231
v -0.049903 0.009926 0.117005
v -0.048148 0.009577 0.105142
v -0.049817 0.009909 0.114847
v -0.049568 0.009860 0.112333
v -0.049180 0.009782 0.109709
v -0.048691 0.009685 0.107231
v -0.050881 0.000000 0.117005
v -0.049092 0.000000 0.105142
v -0.050793 0.000000 0.114847
v -0.050539 0.000000 0.112333
v -0.050143 0.000000 0.109709
v -0.049645 0.000000 0.107231
v -0.049903 -0.009926 0.117005
v -0.048148 -0.009577 0.105142
v -0.049817 -0.009909 0.114847
v -0.049568 -0.009860 0.112333
v -0.049180 -0.009782 0.109709
v -0.048691 -0.009685 0.107231
v -0.047008 -0.019471 0.117005
v -0.045355 -0.018787 0.105142
v -0.046927 -0.019438 0.114847
v -0.046692 -0.019340 0.112333
v -0.046326 -0.019189 0.109709
v -0.045866 -0.018998 0.107231
v -0.042306 -0.028268 0.117005
v -0.040818 -0.027274 0.105142
v -0.042233 -0.028219 0.114847
v -0.042022 -0.028078 0.112333
v -0.041693 -0.027858 0.109709
v -0.041278 -0.027581 0.107231
v -0.035978 -0.035978 0.117005
v -0.034713 -0.034713 0.105142
v -0.035916 -0.035916 0.114847
v -0.035736 -0.035736 0.112333
v -0.035457 -0.035457 0.109709
v -0.035104 -0.035104 0.107231
v -0.028268 -0.042306 0.117005
v -0.027274 -0.040818 0.105142
v -0.028219 -0.042233 0.114847
v -0.028078 -0.042022 0.112333
v -0.027858 -0.041693 0.109709
v -0.027581 -0.041278 0.107231
v -0.019471 -0.047008 0.117005
v -0.018787 -0.045355 0.105142
v -0.019438 -0.046927 0.114847
v -0.019340 -0.046692 0.112333
v -0.019189 -0.046326 0.109709
v -0.018998 -0.045866 0.107231
v -0.009926 -0.049903 0.117005
v -0.009577 -0.048148 0.105142
v -0.009909 -0.049817 0.114847
v -0.009860 -0.049568 0.112333
v -0.009782 -0.049180 0.109709
v -0.009685 -0.048691 0.107231
v 0.000000 -0.038210 0.148159
v 0.000000 -0.050881 0.126020
v 0.000000 -0.047470 0.130691
v 0.000000 -0.048846 0.129994
v 0.000000 -0.049938 0.128907
v 0.000000 -0.050639 0.127538
v 0.009926 -0.049903 0.126020
v 0.007454 -0.037475 0.148159
v 0.009879 -0.049666 0.127538
v 0.009742 -0.048979 0.128907
v 0.009529 -0.047908 0.129994
v 0.009261 -0.046558 0.130691
v 0.019471 -0.047008 0.126020
v 0.014622 -0.035301 0.148159
v 0.019379 -0.046784 0.127538
v 0.019110 -0.046137 0.128907
v 0.018693 -0.045128 0.129994
v 0.018166 -0.043857 0.130691
v 0.028268 -0.042306 0.126020
v 0.021228 -0.031770 0.148159
v 0.028134 -0.042105 0.127538
v 0.027744 -0.041522 0.128907
v 0.027137 -0.040614 0.129994
v 0.026373 -0.039470 0.130691
v 0.035978 -0.035978 0.126020
v 0.027018 -0.027018 0.148159
v 0.035807 -0.035807 0.127538
v 0.035312 -0.035312 0.128907
v 0.034539 -0.034539 0.129994
v 0.033567 -0.033567 0.130691
v 0.042306 -0.028268 0.126020
v 0.031770 -0.021228 0.148159
v 0.042105 -0.028134 0.127538
v 0.041522 -0.027744 0.128907
v 0.040614 -0.027137 0.129994
v 0.039470 -0.026373 0.130691
v 0.047008 -0.019471 0.126020
v 0.035301 -0.014622 0.148159
v 0.046784 -0.019379 0.127538
v 0.046137 -0.019110 0.128907
v 0.045128 -0.018693 0.129994
v 0.043857 -0.018166 0.130691
v 0.049903 -0.009926 0.126020
v 0.037475 -0.007454 0.148159
v 0.049666 -0.009879 0.127538
v 0.048979 -0.009742 0.128907
v 0.047908 -0.009529 0.129994
v 0.046558 -0.009261 0.130691
v 0.050881 0.000000 0.126020
v 0.038210 0.000000 0.148159
v 0.050639 0.000000 0.127538
v 0.049938 0.000000 0.128907
v 0.048846 0.000000 0.129994
v 0.047470 0.000000 0.130691
v 0.049903 0.009926 0.126020
v 0.037475 0.007454 0.148159
v 0.049666 0.009879 0.127538
v 0.048979 0.009742 0.128907
v 0.047908 0.009529 0.129994
v 0.046558 0.009261 0.130691
v 0.047008 0.019471 0.126020
v 0.035301 0.014622 0.148159
v 0.046784 0.019379 0.127538
v 0.046137 0.019110 0.128907
v 0.045128 0.018693 0.129994
v 0.043857 0.018166 0.130691
v 0.042306 0.028268 0.126020
v 0.031770 0.021228 0.148159
v 0.042105 0.028134 0.127538
v 0.041522 0.027744 0.128907
v 0.040614 0.027137 0.129994
v 0.039470 0.026373 0.130691
v 0.035978 0.035978 0.126020
v 0.027018 0.027018 0.148159
v 0.035807 0.035807 0.127538
v 0.035312 0.035312 0.128907
v 0.034539 0.034539 0.129994
v 0.033567 0.033567 0.130691
v 0.028268 0.042306 0.126020
v 0.021228 0.031770 0.148159
v 0.028134 0.042105 0.127538
v 0.027744 0.041522 0.128907
v 0.027137 0.040614 0.129994
v 0.026373 0.039470 0.130691
v 0.019471 0.047008 0.126020
v 0.014622 0.035301 0.148159
v 0.019379 0.046784 0.127538
v 0.019110 0.046137 0.128907
v 0.018693 0.045128 0.129994
v 0.018166 0.043857 0.130691
v 0.009926 0.049903 0.126020
v 0.007454 0.037475 0.148159
v 0.009879 0.049666 0.127538
v 0.009742 0.048979 0.128907
v 0.009529 0.047908 0.129994
v 0.009261 0.046558 0.130691
v 0.000000 0.050881 0.126020
v 0.000000 0.038210 0.148159
v 0.000000 0.050639 0.127538
v 0.000000 0.049938 0.128907
v 0.000000 0.048846 0.129994
v 0.000000 0.047470 0.130691
v -0.009926 0.049903 0.126020
v -0.007454 0.037475 0.148159
v -0.009879 0.049666 0.127538
v -0.009742 0.048979 0.128907
v -0.009529 0.047908 0.129994
v -0.009261 0.046558 0.130691
v -0.019471 0.047008 0.126020
v -0.014622 0.035301 0.148159
v -0.019379 0.046784 0.127538
v -0.019110 0.046137 0.128907
v -0.018693 0.045128 0.129994
v -0.018166 0.043857 0.130691
v -0.028268 0.042306 0.126020
v -0.021228 0.031770 0.148159
v -0.028134 0.042105 0.127538
v -0.027744 0.041522 0.128907
v -0.027137 0.040614 0.129994
v -0.026373 0.039470 0.130691
v -0.035978 0.035978 0.126020
v -0.027018 0.027018 0.148159
v -0.035807 0.035807 0.127538
v -0.035312 0.035312 0.128907
v -0.034539 0.034539 0.129994
v -0.033567 0.033567 0.130691
v -0.042306 0.028268 0.126020
v -0.031770 0.021228 0.148159
v -0.042105 0.028134 0.127538
v -0.041522 0.027744 0.128907
v -0.040614 0.027137 0.129994
v -0.039470 0.026373 0.130691
v -0.047008 0.019471 0.126020
v -0.035301 0.014622 0.148159
v -0.046784 0.019379 0.127538
v -0.046137 0.019110 0.128907
v -0.045128 0.018693 0.129994
v -0.043857 0.018166 0.130691
v -0.049903 0.009926 0.126020
v -0.037475 0.007454 0.148159
v -0.049666 0.009879 0.127538
v -0.048979 0.009742 0.128907
v -0.047908 0.009529 0.129994
v -0.046558 0.009261 0.130691
v -0.050881 0.000000 0.126020
v -0.038210 0.000000 0.148159
v -0.050639 0.000000 0.127538
v -0.049938 0.000000 0.128907
v -0.048846 0.000000 0.129994
v -0.047470 0.000000 0.130691
v -0.049903 -0.009926 0.126020
v -0.037475 -0.007454 0.148159
v -0.049666 -0.009879 0.127538
v -0.048979 -0.009742 0.128907
v -0.047908 -0.009529 0.129994
v -0.046558 -0.009261 0.130691
v -0.047008 -0.019471 0.126020
v -0.035301 -0.014622 0.148159
v -0.046784 -0.019379 0.127538
v -0.046137 -0.019110 0.128907
v -0.045128 -0.018693 0.129994
v -0.043857 -0.018166 0.130691
v -0.042306 -0.028268 0.126020
v -0.031770 -0.021228 0.148159
v -0.042105 -0.028134 0.127538
v -0.041522 -0.027744 0.128907
v -0.040614 -0.027137 0.129994
v -0.039470 -0.026373 0.130691
v -0.035978 -0.035978 0.126020
v -0.027018 -0.027018 0.148159
v -0.035807 -0.035807 0.127538
v -0.035312 -0.035312 0.128907
v -0.034539 -0.034539 0.129994
v -0.033567 -0.033567 0.130691
v -0.028268 -0.042306 0.126020
v -0.021228 -0.031770 0.148159
v -0.028134 -0.042105 0.127538
v -0.027744 -0.041522 0.128907
v -0.027137 -0.040614 0.129994
v -0.026373 -0.039470 0.130691
v -0.019471 -0.047008 0.126020
v -0.014622 -0.035301 0.148159
v -0.019379 -0.046784 0.127538
v -0.019110 -0.046137 0.128907
v -0.018693 -0.045128 0.129994
v -0.018166 -0.043857 0.130691
v -0.009926 -0.049903 0.126020
v -0.007454 -0.037475 0.148159
v -0.009879 -0.049666 0.127538
v -0.009742 -0.048979 0.128907
v -0.009529 -0.047908 0.129994
v -0.009261 -0.046558 0.130691
v 0.000000 -0.012313 -0.227391
v 0.000000 -0.002365 -0.235513
v 0.000000 -0.011403 -0.229901
v 0.000000 -0.009767 -0.232165
v 0.000000 -0.007567 -0.233962
v 0.000000 -0.005016 -0.235116
v 0.000461 -0.002319 -0.235513
v 0.002402 -0.012076 -0.227391
v 0.000979 -0.004919 -0.235116
v 0.001476 -0.007421 -0.233962
v 0.001906 -0.009580 -0.232165
v 0.002225 -0.011184 -0.229901
v 0.000905 -0.002185 -0.235513
v 0.004712 -0.011375 -0.227391
v 0.001919 -0.004634 -0.235116
v 0.002896 -0.006991 -0.233962
v 0.003738 -0.009024 -0.232165
v 0.004364 -0.010535 -0.229901
v 0.001314 -0.001966 -0.235513
v 0.006841 -0.010238 -0.227391
v 0.002787 -0.004170 -0.235116
v 0.004204 -0.006291 -0.233962
v 0.005426 -0.008121 -0.232165
v 0.006335 -0.009481 -0.229901
v 0.001672 -0.001672 -0.235513
v 0.008706 -0.008706 -0.227391
v 0.003547 -0.003547 -0.235116
v 0.005350 -0.005350 -0.233962
v 0.006907 -0.006907 -0.232165
v 0.008063 -0.008063 -0.229901
v 0.001966 -0.001314 -0.235513
v 0.010238 -0.006841 -0.227391
v 0.004170 -0.002787 -0.235116
v 0.006291 -0.004204 -0.233962
v 0.008121 -0.005427 -0.232165
v 0.009481 -0.006335 -0.229901
v 0.002185 -0.000905 -0.235513
v 0.011375 -0.004712 -0.227391
v 0.004634 -0.001919 -0.235116
v 0.006991 -0.002896 -0.233962
v 0.009024 -0.003738 -0.232165
v 0.010535 -0.004364 -0.229901
v 0.002319 -0.000461 -0.235513
v 0.012076 -0.002402 -0.227391
v 0.004919 -0.000979 -0.235116
v 0.007421 -0.001476 -0.233962
v 0.009580 -0.001906 -0.232165
v 0.011184 -0.002225 -0.229901
v 0.002364 -0.000000 -0.235513
v 0.012313 -0.000000 -0.227391
v 0.005016 -0.000000 -0.235116
v 0.007567 -0.000000 -0.233962
v 0.009767 -0.000000 -0.232165
v 0.011403 -0.000000 -0.229901
v 0.002319 0.000461 -0.235513
v 0.012076 0.002402 -0.227391
v 0.004919 0.000979 -0.235116
v 0.007421 0.001476 -0.233962
v 0.009580 0.001906 -0.232165
v 0.011184 0.002225 -0.229901
v 0.002185 0.000905 -0.235513
v 0.011375 0.004712 -0.227391
v 0.004634 0.001919 -0.235116
v 0.006991 0.002896 -0.233962
v 0.009024 0.003738 -0.232165
v 0.010535 0.004364 -0.229901
v 0.001966 0.001314 -0.235513
v 0.010238 0.006841 -0.227391
v 0.004170 0.002787 -0.235116
v 0.006291 0.004204 -0.233962
v 0.008121 0.005426 -0.232165
v 0.009481 0.006335 -0.229901
v 0.001672 0.001672 -0.235513
v 0.008706 0.008706 -0.227391
v 0.003547 0.003547 -0.235116
v 0.005350 0.005350 -0.233962
v 0.006907 0.006907 -0.232165
v 0.008063 0.008063 -0.229901
v 0.001314 0.001966 -0.235513
v 0.006841 0.010238 -0.227391
v 0.002787 0.004170 -0.235116
v 0.004204 0.006291 -0.233962
v 0.005426 0.008121 -0.232165
v 0.006335 0.009481 -0.229901
v 0.000905 0.002185 -0.235513
v 0.004712 0.011375 -0.227391
v 0.001919 0.004634 -0.235116
v 0.002896 0.006991 -0.233962
v 0.003738 0.009024 -0.232165
v 0.004364 0.010535 -0.229901
v 0.000461 0.002319 -0.235513
v 0.002402 0.012076 -0.227391
v 0.000979 0.004919 -0.235116
v 0.001476 0.007421 -0.233962
v 0.001906 0.009580 -0.232165
v 0.002225 0.011184 -0.229901
v 0.000000 0.002364 -0.235513
v 0.000000 0.012313 -0.227391
v 0.000000 0.005016 -0.235116
v 0.000000 0.007567 -0.233962
v 0.000000 0.009767 -0.232165
v 0.000000 0.011403 -0.229901
v -0.000461 0.002319 -0.235513
v -0.002402 0.012076 -0.227391
v -0.000979 0.004919 -0.235116
v -0.001476 0.007421 -0.233962
v -0.001906 0.009580 -0.232165
v -0.002225 0.011184 -0.229901
v -0.000905 0.002185 -0.235513
v -0.004712 0.011375 -0.227391
v -0.001919 0.004634 -0.235116
v -0.002896 0.006991 -0.233962
v -0.003738 0.009024 -0.232165
v -0.004364 0.010535 -0.229901
v -0.001314 0.001966 -0.235513
v -0.006841 0.010238 -0.227391
v -0.002787 0.004170 -0.235116
v -0.004204 0.006291 -0.233962
v -0.005426 0.008121 -0.232165
v -0.006335 0.009481 -0.229901
v -0.001672 0.001672 -0.235513
v -0.008706 0.008706 -0.227391
v -0.003547 0.003547 -0.235116
v -0.005350 0.005350 -0.233962
v -0.006907 0.006907 -0.232165
v -0.008063 0.008063 -0.229901
v -0.001966 0.001314 -0.235513
v -0.010238 0.006841 -0.227391
v -0.004170 0.002787 -0.235116
v -0.006291 0.004204 -0.233962
v -0.008121 0.005426 -0.232165
v -0.009481 0.006335 -0.229901
v -0.002185 0.000905 -0.235513
v -0.011375 0.004712 -0.227391
v -0.004634 0.001919 -0.235116
v -0.006991 0.002896 -0.233962
v -0.009024 0.003738 -0.232165
v -0.010535 0.004364 -0.229901
v -0.002319 0.000461 -0.235513
v -0.012076 0.002402 -0.227391
v -0.004919 0.000979 -0.235116
v -0.007421 0.001476 -0.233962
v -0.009580 0.001906 -0.232165
v -0.011184 0.002225 -0.229901
v -0.002364 -0.000000 -0.235513
v -0.012313 -0.000000 -0.227391
v -0.005016 -0.000000 -0.235116
v -0.007567 -0.000000 -0.233962
v -0.009767 -0.000000 -0.232165
v -0.011403 -0.000000 -0.229901
v -0.002319 -0.000461 -0.235513
v -0.012076 -0.002402 -0.227391
v -0.004919 -0.000979 -0.235116
v -0.007421 -0.001476 -0.233962
v -0.009580 -0.001906 -0.232165
v -0.011184 -0.002225 -0.229901
v -0.002185 -0.000905 -0.235513
v -0.011375 -0.004712 -0.227391
v -0.004634 -0.001919 -0.235116
v -0.006991 -0.002896 -0.233962
v -0.009024 -0.003738 -0.232165
v -0.010535 -0.004364 -0.229901
v -0.001966 -0.001314 -0.235513
v -0.010238 -0.006841 -0.227391
v -0.004170 -0.002787 -0.235116
v -0.006291 -0.004204 -0.233962
v -0.008121 -0.005427 -0.232165
v -0.009481 -0.006335 -0.229901
v -0.001672 -0.001672 -0.235513
v -0.008706 -0.008706 -0.227391
v -0.003547 -0.003547 -0.235116
v -0.005350 -0.005350 -0.233962
v -0.006907 -0.006907 -0.232165
v -0.008063 -0.008063 -0.229901
v -0.001314 -0.001966 -0.235513
v -0.006841 -0.010238 -0.227391
v -0.002787 -0.004170 -0.235116
v -0.004204 -0.006291 -0.233962
v -0.005426 -0.008121 -0.232165
v -0.006335 -0.009481 -0.229901
v -0.000905 -0.002185 -0.235513
v -0.004712 -0.011375 -0.227391
v -0.001919 -0.004634 -0.235116
v -0.002896 -0.006991 -0.233962
v -0.003738 -0.009024 -0.232165
v -0.004364 -0.010535 -0.229901
v -0.000461 -0.002319 -0.235513
v -0.002402 -0.012076 -0.227391
v -0.000979 -0.004919 -0.235116
v -0.001476 -0.007421 -0.233962
v -0.001906 -0.009580 -0.232165
v -0.002225 -0.011184 -0.229901
v 0.008963 -0.045062 0.130932
v 0.000000 -0.045945 0.130932
v 0.017582 -0.042448 0.130932
v 0.025526 -0.038202 0.130932
v 0.032488 -0.032488 0.130932
v 0.038202 -0.025526 0.130932
v 0.042448 -0.017582 0.130932
v 0.045062 -0.008963 0.130932
v 0.045945 0.000000 0.130932
v 0.045062 0.008963 0.130932
v 0.042448 0.017582 0.130932
v 0.038202 0.025526 0.130932
v 0.032488 0.032488 0.130932
v 0.025526 0.038202 0.130932
v 0.017582 0.042448 0.130932
v 0.008963 0.045062 0.130932
v 0.000000 0.045945 0.130932
v -0.008963 0.045062 0.130932
v -0.017582 0.042448 0.130932
v -0.025526 0.038202 0.130932
v -0.032488 0.032488 0.130932
v -0.038202 0.025526 0.130932
v -0.042448 0.017582 0.130932
v -0.045062 0.008963 0.130932
v -0.045945 0.000000 0.130932
v -0.045062 -0.008963 0.130932
v -0.042448 -0.017582 0.130932
v -0.038202 -0.025526 0.130932
v -0.032488 -0.032488 0.130932
v -0.025526 -0.038202 0.130932
v -0.017582 -0.042448 0.130932
v -0.008963 -0.045062 0.130932
v 0.008502 -0.042740 0.148159
v 0.000000 -0.043578 0.148159
v 0.016676 -0.040260 0.148159
v 0.024210 -0.036233 0.148159
v 0.030814 -0.030814 0.148159
v 0.036233 -0.024210 0.148159
v 0.040260 -0.016676 0.148159
v 0.042740 -0.008502 0.148159
v 0.043578 0.000000 0.148159
v 0.042740 0.008502 0.148159
v 0.040260 0.016676 0.148159
v 0.036233 0.024210 0.148159
v 0.030814 0.030814 0.148159
v 0.024210 0.036234 0.148159
v 0.016676 0.040261 0.148159
v 0.008502 0.042740 0.148159
v 0.000000 0.043578 0.148159
v -0.008502 0.042740 0.148159
v -0.016676 0.040261 0.148159
v -0.024210 0.036234 0.148159
v -0.030814 0.030814 0.148159
v -0.036233 0.024210 0.148159
v -0.040260 0.016676 0.148159
v -0.042740 0.008502 0.148159
v -0.043578 0.000000 0.148159
v -0.042740 -0.008502 0.148159
v -0.040260 -0.016676 0.148159
v -0.036233 -0.024210 0.148159
v -0.030814 -0.030814 0.148159
v -0.024210 -0.036233 0.148159
v -0.016676 -0.040260 0.148159
v -0.008502 -0.042740 0.148159
v 0.003747 -0.018836 0.170958
v -0.000000 -0.019205 0.170958
v 0.007349 -0.017743 0.170958
v 0.010670 -0.015968 0.170958
v 0.013580 -0.013580 0.170958
v 0.015969 -0.010670 0.170958
v 0.017743 -0.007349 0.170958
v 0.018836 -0.003747 0.170958
v 0.019205 0.000000 0.170958
v 0.018836 0.003747 0.170958
v 0.017743 0.007350 0.170958
v 0.015969 0.010670 0.170958
v 0.013580 0.013580 0.170958
v 0.010670 0.015969 0.170958
v 0.007349 0.017743 0.170958
v 0.003747 0.018836 0.170958
v -0.000000 0.019205 0.170958
v -0.003747 0.018836 0.170958
v -0.007350 0.017743 0.170958
v -0.010670 0.015969 0.170958
v -0.013580 0.013580 0.170958
v -0.015969 0.010670 0.170958
v -0.017743 0.007350 0.170958
v -0.018836 0.003747 0.170958
v -0.019205 0.000000 0.170958
v -0.018836 -0.003747 0.170958
v -0.017743 -0.007349 0.170958
v -0.015969 -0.010670 0.170958
v -0.013580 -0.013580 0.170958
v -0.010670 -0.015968 0.170958
v -0.007350 -0.017743 0.170958
v -0.003747 -0.018836 0.170958
v 0.005305 -0.026670 0.170958
v -0.000000 -0.027192 0.170958
v 0.010406 -0.025122 0.170958
v 0.015107 -0.022610 0.170958
v 0.019228 -0.019228 0.170958
v 0.022610 -0.015107 0.170958
v 0.025122 -0.010406 0.170958
v 0.026670 -0.005305 0.170958
v 0.027192 0.000000 0.170958
v 0.026670 0.005305 0.170958
v 0.025122 0.010406 0.170958
v 0.022610 0.015107 0.170958
v 0.019228 0.019228 0.170958
v 0.015107 0.022610 0.170958
v 0.010406 0.025122 0.170958
v 0.005305 0.026670 0.170958
v -0.000000 0.027192 0.170958
v -0.005305 0.026670 0.170958
v -0.010406 0.025122 0.170958
v -0.015107 0.022610 0.170958
v -0.019228 0.019228 0.170958
v -0.022610 0.015107 0.170958
v -0.025122 0.010406 0.170958
v -0.026670 0.005305 0.170958
v -0.027192 0.000000 0.170958
v -0.026670 -0.005305 0.170958
v -0.025122 -0.010406 0.170958
v -0.022610 -0.015107 0.170958
v -0.019228 -0.019228 0.170958
v -0.015107 -0.022610 0.170958
v -0.010406 -0.025122 0.170958
v -0.005305 -0.026670 0.170958
v 0.003747 -0.018836 0.125788
v -0.000000 -0.019205 0.125788
v 0.007349 -0.017743 0.125788
v 0.010670 -0.015969 0.125788
v 0.013580 -0.013580 0.125788
v 0.015968 -0.010670 0.125788
v 0.017743 -0.007349 0.125788
v 0.018836 -0.003747 0.125788
v 0.019205 0.000000 0.125788
v 0.018836 0.003747 0.125788
v 0.017743 0.007350 0.125788
v 0.015968 0.010670 0.125788
v 0.013580 0.013580 0.125788
v 0.010670 0.015969 0.125788
v 0.007349 0.017743 0.125788
v 0.003747 0.018836 0.125788
v -0.000000 0.019205 0.125788
v -0.003747 0.018836 0.125788
v -0.007350 0.017743 0.125788
v -0.010670 0.015969 0.125788
v -0.013580 0.013580 0.125788
v -0.015969 0.010670 0.125788
v -0.017743 0.007350 0.125788
v -0.018836 0.003747 0.125788
v -0.019205 0.000000 0.125788
v -0.018836 -0.003747 0.125788
v -0.017743 -0.007349 0.125788
v -0.015969 -0.010670 0.125788
v -0.013580 -0.013580 0.125788
v -0.010670 -0.015968 0.125788
v -0.007350 -0.017743 0.125788
v -0.003747 -0.018836 0.125788
vn -0.1929 -0.9698 -0.1491
vn -0.0000 -0.9888 -0.1491
vn -0.0000 -0.9958 -0.0919
vn -0.1943 -0.9766 -0.0919
vn -0.0000 -0.9999 0.0108
vn -0.1951 -0.9807 0.0108
vn -0.0000 -0.9916 0.1290
vn -0.1935 -0.9726 0.1290
vn -0.0000 -0.9555 0.2951
vn -0.1864 -0.9371 0.2951
vn -0.0000 -0.9266 0.3761
vn -0.1808 -0.9088 0.3761
vn -0.3784 -0.9136 -0.1491
vn -0.3811 -0.9200 -0.0919
vn -0.3827 -0.9238 0.0108
vn -0.3795 -0.9162 0.1290
vn -0.3656 -0.8827 0.2951
vn -0.3546 -0.8561 0.3761
vn -0.5494 -0.8222 -0.1491
vn -0.5532 -0.8280 -0.0919
vn -0.5555 -0.8314 0.0108
vn -0.5509 -0.8245 0.1290
vn -0.5308 -0.7944 0.2951
vn -0.5148 -0.7704 0.3761
vn -0.6992 -0.6992 -0.1491
vn -0.7041 -0.7041 -0.0919
vn -0.7071 -0.7071 0.0108
vn -0.7012 -0.7012 0.1290
vn -0.6756 -0.6756 0.2951
vn -0.6552 -0.6552 0.3761
vn -0.8222 -0.5494 -0.1491
vn -0.8280 -0.5532 -0.0919
vn -0.8314 -0.5555 0.0108
vn -0.8245 -0.5509 0.1290
vn -0.7944 -0.5308 0.2951
vn -0.7704 -0.5148 0.3761
vn -0.9136 -0.3784 -0.1491
vn -0.9200 -0.3811 -0.0919
vn -0.9238 -0.3827 0.0108
vn -0.9162 -0.3795 0.1290
vn -0.8827 -0.3656 0.2951
vn -0.8561 -0.3546 0.3761
vn -0.9698 -0.1929 -0.1491
vn -0.9766 -0.1943 -0.0919
vn -0.9807 -0.1951 0.0108
vn -0.9726 -0.1935 0.1290
vn -0.9371 -0.1864 0.2951
vn -0.9088 -0.1808 0.3761
vn -0.9888 -0.0000 -0.1491
vn -0.9958 -0.0000 -0.0919
vn -0.9999 -0.0000 0.0108
vn -0.9916 -0.0000 0.1290
vn -0.9555 -0.0000 0.2951
vn -0.9266 -0.0000 0.3761
vn -0.9698 0.1929 -0.1491
vn -0.9766 0.1943 -0.0919
vn -0.9807 0.1951 0.0108
vn -0.9726 0.1935 0.1290
vn -0.9371 0.1864 0.2951
vn -0.9088 0.1808 0.3761
vn -0.9136 0.3784 -0.1491
vn -0.9200 0.3811 -0.0919
vn -0.9238 0.3827 0.0108
vn -0.9162 0.3795 0.1290
vn -0.8827 0.3656 0.2951
vn -0.8561 0.3546 0.3761
vn -0.8222 0.5494 -0.1491
vn -0.8280 0.5532 -0.0919
vn -0.8314 0.5555 0.0108
vn -0.8245 0.5509 0.1290
vn -0.7944 0.5308 0.2951
vn -0.7704 0.5148 0.3761
vn -0.6992 0.6992 -0.1491
vn -0.7041 0.7041 -0.0919
vn -0.7071 0.7071 0.0108
vn -0.7012 0.7012 0.1290
vn -0.6756 0.6756 0.2951
vn -0.6552 0.6552 0.3761
vn -0.5494 0.8222 -0.1491
vn -0.5532 0.8280 -0.0919
vn -0.5555 0.8314 0.0108
vn -0.5509 0.8245 0.1290
vn -0.5308 0.7944 0.2951
vn -0.5148 0.7704 0.3761
vn -0.3784 0.9136 -0.1491
vn -0.3811 0.9200 -0.0919
vn -0.3827 0.9238 0.0108
vn -0.3795 0.9162 0.1290
vn -0.3656 0.8827 0.2951
vn -0.3546 0.8561 0.3761
vn -0.1929 0.9698 -0.1491
vn -0.1943 0.9766 -0.0919
vn -0.1951 0.9807 0.0108
vn -0.1935 0.9726 0.1290
vn -0.1864 0.9371 0.2951
vn -0.1808 0.9088 0.3761
vn -0.0000 0.9888 -0.1491
vn -0.0000 0.9958 -0.0919
vn -0.0000 0.9999 0.0108
vn -0.0000 0.9916 0.1290
vn -0.0000 0.9555 0.2951
vn -0.0000 0.9266 0.3761
vn 0.1929 0.9698 -0.1491
vn 0.1943 0.9766 -0.0919
vn 0.1951 0.9807 0.0108
vn 0.1935 0.9726 0.1290
vn 0.1864 0.9371 0.2951
vn 0.1808 0.9088 0.3761
vn 0.3784 0.9136 -0.1491
vn 0.3811 0.9200 -0.0919
vn 0.3827 0.9238 0.0108
vn 0.3795 0.9162 0.1290
vn 0.3656 0.8827 0.2951
vn 0.3546 0.8561 0.3761
vn 0.5494 0.8222 -0.1491
vn 0.5532 0.8280 -0.0919
vn 0.5555 0.8314 0.0108
vn 0.5509 0.8245 0.1290
vn 0.5308 0.7944 0.2951
vn 0.5148 0.7704 0.3761
vn 0.6992 0.6992 -0.1491
vn 0.7041 0.7041 -0.0919
vn 0.7071 0.7071 0.0108
vn 0.7012 0.7012 0.1290
vn 0.6756 0.6756 0.2951
vn 0.6552 0.6552 0.3761
vn 0.8222 0.5494 -0.1491
vn 0.8280 0.5532 -0.0919
vn 0.8314 0.5555 0.0108
vn 0.8245 0.5509 0.1290
vn 0.7944 0.5308 0.2951
vn 0.7704 0.5148 0.3761
vn 0.9136 0.3784 -0.1491
vn 0.9200 0.3811 -0.0919
vn 0.9238 0.3827 0.0108
vn 0.9162 0.3795 0.1290
vn 0.8827 0.3656 0.2951
vn 0.8561 0.3546 0.3761
vn 0.9698 0.1929 -0.1491
vn 0.9766 0.1943 -0.0919
vn 0.9807 0.1951 0.0108
vn 0.9726 0.1935 0.1290
vn 0.9371 0.1864 0.2951
vn 0.9088 0.1808 0.3761
vn 0.9888 -0.0000 -0.1491
vn 0.9958 -0.0000 -0.0919
vn 0.9999 -0.0000 0.0108
vn 0.9916 -0.0000 0.1290
vn 0.9555 -0.0000 0.2951
vn 0.9266 -0.0000 0.3761
vn 0.9698 -0.1929 -0.1491
vn 0.9766 -0.1943 -0.0919
vn 0.9807 -0.1951 0.0108
vn 0.9726 -0.1935 0.1290
vn 0.9371 -0.1864 0.2951
vn 0.9088 -0.1808 0.3761
vn 0.9136 -0.3784 -0.1491
vn 0.9200 -0.3811 -0.0919
vn 0.9238 -0.3827 0.0108
vn 0.9162 -0.3795 0.1290
vn 0.8827 -0.3656 0.2951
vn 0.8561 -0.3546 0.3761
vn 0.8222 -0.5494 -0.1491
vn 0.8280 -0.5532 -0.0919
vn 0.8314 -0.5555 0.0108
vn 0.8245 -0.5509 0.1290
vn 0.7944 -0.5308 0.2951
vn 0.7704 -0.5148 0.3761
vn 0.6992 -0.6992 -0.1491
vn 0.7041 -0.7041 -0.0919
vn 0.7071 -0.7071 0.0108
vn 0.7012 -0.7012 0.1290
vn 0.6756 -0.6756 0.2951
vn 0.6552 -0.6552 0.3761
vn 0.5494 -0.8222 -0.1491
vn 0.5532 -0.8280 -0.0919
vn 0.5555 -0.8314 0.0108
vn 0.5509 -0.8245 0.1290
vn 0.5308 -0.7944 0.2951
vn 0.5148 -0.7704 0.3761
vn 0.3784 -0.9136 -0.1491
vn 0.3811 -0.9200 -0.0919
vn 0.3827 -0.9238 0.0108
vn 0.3795 -0.9162 0.1290
vn 0.3656 -0.8827 0.2951
vn 0.3546 -0.8561 0.3761
vn 0.1929 -0.9698 -0.1491
vn 0.1943 -0.9766 -0.0919
vn 0.1951 -0.9807 0.0108
vn 0.1935 -0.9726 0.1290
vn 0.1864 -0.9371 0.2951
vn 0.1808 -0.9088 0.3761
vn -0.0000 -0.9347 0.3555
vn 0.1823 -0.9167 0.3555
vn -0.1823 -0.9167 0.3555
vn 0.3577 -0.8635 0.3555
vn 0.5193 -0.7772 0.3555
vn 0.6609 -0.6609 0.3555
vn 0.7772 -0.5193 0.3555
vn 0.8635 -0.3577 0.3555
vn 0.9167 -0.1823 0.3555
vn 0.9347 -0.0000 0.3555
vn 0.9167 0.1823 0.3555
vn 0.8635 0.3577 0.3555
vn 0.7772 0.5193 0.3555
vn 0.6609 0.6609 0.3555
vn 0.5193 0.7772 0.3555
vn 0.3577 0.8635 0.3555
vn 0.1823 0.9167 0.3555
vn -0.0000 0.9347 0.3555
vn -0.1823 0.9167 0.3555
vn -0.3577 0.8635 0.3555
vn -0.5193 0.7772 0.3555
vn -0.6609 0.6609 0.3555
vn -0.7772 0.5193 0.3555
vn -0.8635 0.3577 0.3555
vn -0.9167 0.1823 0.3555
vn -0.9347 -0.0000 0.3555
vn -0.9167 -0.1823 0.3555
vn -0.8635 -0.3577 0.3555
vn -0.7772 -0.5193 0.3555
vn -0.6609 -0.6609 0.3555
vn -0.5193 -0.7772 0.3555
vn -0.3577 -0.8635 0.3555
vn -0.1902 -0.9564 -0.2216
vn -0.0000 -0.9751 -0.2216
vn -0.0000 -0.9741 -0.2263
vn -0.1900 -0.9553 -0.2263
vn -0.0000 -0.9849 -0.1730
vn -0.1921 -0.9660 -0.1730
vn -0.0000 -0.9922 -0.1247
vn -0.1936 -0.9731 -0.1247
vn -0.0000 -0.9975 -0.0704
vn -0.1946 -0.9783 -0.0704
vn -0.0000 -0.9998 -0.0202
vn -0.1951 -0.9806 -0.0202
vn -0.3732 -0.9009 -0.2216
vn -0.3728 -0.8999 -0.2263
vn -0.3769 -0.9099 -0.1730
vn -0.3797 -0.9167 -0.1247
vn -0.3817 -0.9216 -0.0704
vn -0.3826 -0.9237 -0.0202
vn -0.5418 -0.8108 -0.2216
vn -0.5412 -0.8099 -0.2263
vn -0.5472 -0.8189 -0.1730
vn -0.5512 -0.8250 -0.1247
vn -0.5542 -0.8294 -0.0704
vn -0.5555 -0.8313 -0.0202
vn -0.6895 -0.6895 -0.2216
vn -0.6888 -0.6888 -0.2263
vn -0.6964 -0.6964 -0.1730
vn -0.7016 -0.7016 -0.1247
vn -0.7054 -0.7054 -0.0704
vn -0.7070 -0.7070 -0.0202
vn -0.8108 -0.5418 -0.2216
vn -0.8099 -0.5412 -0.2263
vn -0.8189 -0.5472 -0.1730
vn -0.8250 -0.5512 -0.1247
vn -0.8294 -0.5542 -0.0704
vn -0.8313 -0.5555 -0.0202
vn -0.9009 -0.3732 -0.2216
vn -0.8999 -0.3728 -0.2263
vn -0.9099 -0.3769 -0.1730
vn -0.9167 -0.3797 -0.1247
vn -0.9216 -0.3817 -0.0704
vn -0.9237 -0.3826 -0.0202
vn -0.9564 -0.1902 -0.2216
vn -0.9553 -0.1900 -0.2263
vn -0.9660 -0.1921 -0.1730
vn -0.9731 -0.1936 -0.1247
vn -0.9783 -0.1946 -0.0704
vn -0.9806 -0.1950 -0.0202
vn -0.9751 -0.0000 -0.2216
vn -0.9741 -0.0000 -0.2263
vn -0.9849 -0.0000 -0.1730
vn -0.9922 -0.0000 -0.1247
vn -0.9975 -0.0000 -0.0704
vn -0.9998 -0.0000 -0.0202
vn -0.9564 0.1902 -0.2216
vn -0.9553 0.1900 -0.2263
vn -0.9660 0.1921 -0.1730
vn -0.9731 0.1936 -0.1247
vn -0.9783 0.1946 -0.0704
vn -0.9806 0.1950 -0.0202
vn -0.9009 0.3732 -0.2216
vn -0.8999 0.3728 -0.2263
vn -0.9099 0.3769 -0.1730
vn -0.9167 0.3797 -0.1247
vn -0.9216 0.3817 -0.0704
vn -0.9237 0.3826 -0.0202
vn -0.8108 0.5418 -0.2216
vn -0.8099 0.5412 -0.2263
vn -0.8189 0.5472 -0.1730
vn -0.8250 0.5512 -0.1247
vn -0.8294 0.5542 -0.0704
vn -0.8313 0.5555 -0.0202
vn -0.6895 0.6895 -0.2216
vn -0.6888 0.6888 -0.2263
vn -0.6964 0.6964 -0.1730
vn -0.7016 0.7016 -0.1247
vn -0.7054 0.7054 -0.0704
vn -0.7070 0.7070 -0.0202
vn -0.5418 0.8108 -0.2216
vn -0.5412 0.8099 -0.2263
vn -0.5472 0.8189 -0.1730
vn -0.5512 0.8250 -0.1247
vn -0.5542 0.8294 -0.0704
vn -0.5555 0.8313 -0.0202
vn -0.3732 0.9009 -0.2216
vn -0.3728 0.8999 -0.2263
vn -0.3769 0.9099 -0.1730
vn -0.3797 0.9167 -0.1247
vn -0.3817 0.9216 -0.0704
vn -0.3826 0.9237 -0.0202
vn -0.1902 0.9564 -0.2216
vn -0.1900 0.9553 -0.2263
vn -0.1921 0.9660 -0.1730
vn -0.1936 0.9731 -0.1247
vn -0.1946 0.9783 -0.0704
vn -0.1951 0.9806 -0.0202
vn -0.0000 0.9751 -0.2216
vn -0.0000 0.9741 -0.2263
vn -0.0000 0.9849 -0.1730
vn -0.0000 0.9922 -0.1247
vn -0.0000 0.9975 -0.0704
vn -0.0000 0.9998 -0.0202
vn 0.1902 0.9564 -0.2216
vn 0.1900 0.9553 -0.2263
vn 0.1921 0.9660 -0.1730
vn 0.1936 0.9731 -0.1247
vn 0.1946 0.9783 -0.0704
vn 0.1951 0.9806 -0.0202
vn 0.3732 0.9009 -0.2216
vn 0.3728 0.8999 -0.2263
vn 0.3769 0.9099 -0.1730
vn 0.3797 0.9167 -0.1247
vn 0.3817 0.9216 -0.0704
vn 0.3826 0.9237 -0.0202
vn 0.5418 0.8108 -0.2216
vn 0.5412 0.8099 -0.2263
vn 0.5472 0.8189 -0.1730
vn 0.5512 0.8250 -0.1247
vn 0.5542 0.8294 -0.0704
vn 0.5555 0.8313 -0.0202
vn 0.6895 0.6895 -0.2216
vn 0.6888 0.6888 -0.2263
vn 0.6964 0.6964 -0.1730
vn 0.7016 0.7016 -0.1247
vn 0.7054 0.7054 -0.0704
vn 0.7070 0.7070 -0.0202
vn 0.8108 0.5418 -0.2216
vn 0.8099 0.5412 -0.2263
vn 0.8189 0.5472 -0.1730
vn 0.8250 0.5512 -0.1247
vn 0.8294 0.5542 -0.0704
vn 0.8313 0.5555 -0.0202
vn 0.9009 0.3732 -0.2216
vn 0.8999 0.3728 -0.2263
vn 0.9099 0.3769 -0.1730
vn 0.9167 0.3797 -0.1247
vn 0.9216 0.3817 -0.0704
vn 0.9237 0.3826 -0.0202
vn 0.9564 0.1902 -0.2216
vn 0.9553 0.1900 -0.2263
vn 0.9660 0.1921 -0.1730
vn 0.9731 0.1936 -0.1247
vn 0.9783 0.1946 -0.0704
vn 0.9806 0.1951 -0.0202
vn 0.9751 -0.0000 -0.2216
vn 0.9741 -0.0000 -0.2263
vn 0.9849 -0.0000 -0.1730
vn 0.9922 -0.0000 -0.1247
vn 0.9975 -0.0000 -0.0704
vn 0.9998 -0.0000 -0.0202
vn 0.9564 -0.1902 -0.2216
vn 0.9553 -0.1900 -0.2263
vn 0.9660 -0.1921 -0.1730
vn 0.9731 -0.1936 -0.1247
vn 0.9783 -0.1946 -0.0704
vn 0.9806 -0.1951 -0.0202
vn 0.9009 -0.3732 -0.2216
vn 0.8999 -0.3728 -0.2263
vn 0.9099 -0.3769 -0.1730
vn 0.9167 -0.3797 -0.1247
vn 0.9216 -0.3817 -0.0704
vn 0.9237 -0.3826 -0.0202
vn 0.8108 -0.5418 -0.2216
vn 0.8099 -0.5412 -0.2263
vn 0.8189 -0.5472 -0.1730
vn 0.8250 -0.5512 -0.1247
vn 0.8294 -0.5542 -0.0704
vn 0.8313 -0.5555 -0.0202
vn 0.6895 -0.6895 -0.2216
vn 0.6888 -0.6888 -0.2263
vn 0.6964 -0.6964 -0.1730
vn 0.7016 -0.7016 -0.1247
vn 0.7054 -0.7054 -0.0704
vn 0.7070 -0.7070 -0.0202
vn 0.5418 -0.8108 -0.2216
vn 0.5412 -0.8099 -0.2263
vn 0.5472 -0.8189 -0.1730
vn 0.5512 -0.8250 -0.1247
vn 0.5542 -0.8294 -0.0704
vn 0.5555 -0.8313 -0.0202
vn 0.3732 -0.9009 -0.2216
vn 0.3728 -0.8999 -0.2263
vn 0.3769 -0.9099 -0.1730
vn 0.3797 -0.9167 -0.1247
vn 0.3817 -0.9216 -0.0704
vn 0.3826 -0.9237 -0.0202
vn 0.1902 -0.9564 -0.2216
vn 0.1900 -0.9553 -0.2263
vn 0.1921 -0.9660 -0.1730
vn 0.1936 -0.9731 -0.1247
vn 0.1946 -0.9783 -0.0704
vn 0.1951 -0.9806 -0.0202
vn -0.0000 -0.9825 -0.1861
vn 0.1917 -0.9637 -0.1861
vn -0.1917 -0.9637 -0.1861
vn 0.3760 -0.9077 -0.1861
vn 0.5459 -0.8169 -0.1861
vn 0.6948 -0.6948 -0.1861
vn 0.8169 -0.5459 -0.1861
vn 0.9077 -0.3760 -0.1861
vn 0.9637 -0.1917 -0.1861
vn 0.9825 -0.0000 -0.1861
vn 0.9637 0.1917 -0.1861
vn 0.9077 0.3760 -0.1861
vn 0.8169 0.5459 -0.1861
vn 0.6948 0.6948 -0.1861
vn 0.5459 0.8169 -0.1861
vn 0.3760 0.9077 -0.1861
vn 0.1917 0.9637 -0.1861
vn -0.0000 0.9825 -0.1861
vn -0.1917 0.9637 -0.1861
vn -0.3760 0.9077 -0.1861
vn -0.5459 0.8169 -0.1861
vn -0.6948 0.6948 -0.1861
vn -0.8169 0.5459 -0.1861
vn -0.9077 0.3760 -0.1861
vn -0.9637 0.1917 -0.1861
vn -0.9825 -0.0000 -0.1861
vn -0.9637 -0.1917 -0.1861
vn -0.9077 -0.3760 -0.1861
vn -0.8169 -0.5459 -0.1861
vn -0.6948 -0.6948 -0.1861
vn -0.5459 -0.8169 -0.1861
vn -0.3760 -0.9077 -0.1861
vn -0.0000 -0.9969 0.0784
vn 0.1945 -0.9778 0.0785
vn 0.1856 -0.9333 0.3075
vn -0.0000 -0.9516 0.3075
vn 0.1582 -0.7955 0.5849
vn -0.0000 -0.8111 0.5849
vn 0.1156 -0.5810 0.8057
vn -0.0000 -0.5923 0.8057
vn 0.0617 -0.3104 0.9486
vn -0.0000 -0.3165 0.9486
vn 0.0304 -0.1527 0.9878
vn -0.0000 -0.1557 0.9878
vn 0.3815 -0.9210 0.0785
vn 0.3641 -0.8791 0.3075
vn 0.3104 -0.7493 0.5849
vn 0.2267 -0.5473 0.8057
vn 0.1211 -0.2924 0.9486
vn 0.0596 -0.1439 0.9878
vn 0.5539 -0.8289 0.0784
vn 0.5287 -0.7912 0.3075
vn 0.4506 -0.6744 0.5849
vn 0.3291 -0.4925 0.8057
vn 0.1758 -0.2632 0.9486
vn 0.0865 -0.1295 0.9878
vn 0.7049 -0.7049 0.0784
vn 0.6729 -0.6729 0.3075
vn 0.5735 -0.5735 0.5849
vn 0.4189 -0.4189 0.8057
vn 0.2238 -0.2238 0.9486
vn 0.1101 -0.1101 0.9878
vn 0.8289 -0.5539 0.0784
vn 0.7912 -0.5287 0.3075
vn 0.6744 -0.4506 0.5849
vn 0.4925 -0.3291 0.8057
vn 0.2632 -0.1758 0.9486
vn 0.1295 -0.0865 0.9878
vn 0.9210 -0.3815 0.0785
vn 0.8791 -0.3641 0.3075
vn 0.7493 -0.3104 0.5849
vn 0.5473 -0.2267 0.8057
vn 0.2924 -0.1211 0.9486
vn 0.1438 -0.0596 0.9878
vn 0.9778 -0.1945 0.0785
vn 0.9333 -0.1856 0.3075
vn 0.7955 -0.1582 0.5849
vn 0.5810 -0.1156 0.8057
vn 0.3104 -0.0617 0.9486
vn 0.1527 -0.0304 0.9878
vn 0.9969 -0.0000 0.0785
vn 0.9516 -0.0000 0.3075
vn 0.8111 -0.0000 0.5849
vn 0.5924 -0.0000 0.8057
vn 0.3165 -0.0000 0.9486
vn 0.1557 -0.0000 0.9878
vn 0.9778 0.1945 0.0785
vn 0.9333 0.1856 0.3075
vn 0.7955 0.1582 0.5849
vn 0.5810 0.1156 0.8057
vn 0.3104 0.0617 0.9486
vn 0.1527 0.0304 0.9878
vn 0.9210 0.3815 0.0785
vn 0.8791 0.3641 0.3075
vn 0.7493 0.3104 0.5849
vn 0.5473 0.2267 0.8057
vn 0.2924 0.1211 0.9486
vn 0.1438 0.0596 0.9878
vn 0.8289 0.5539 0.0784
vn 0.7912 0.5287 0.3075
vn 0.6744 0.4506 0.5849
vn 0.4925 0.3291 0.8057
vn 0.2632 0.1758 0.9486
vn 0.1295 0.0865 0.9878
vn 0.7049 0.7049 0.0784
vn 0.6729 0.6729 0.3075
vn 0.5735 0.5735 0.5849
vn 0.4189 0.4189 0.8057
vn 0.2238 0.2238 0.9486
vn 0.1101 0.1101 0.9878
vn 0.5539 0.8289 0.0784
vn 0.5287 0.7912 0.3075
vn 0.4506 0.6744 0.5849
vn 0.3291 0.4925 0.8057
vn 0.1758 0.2632 0.9486
vn 0.0865 0.1295 0.9878
vn 0.3815 0.9210 0.0785
vn 0.3641 0.8791 0.3075
vn 0.3104 0.7493 0.5849
vn 0.2267 0.5473 0.8057
vn 0.1211 0.2924 0.9486
vn 0.0596 0.1439 0.9878
vn 0.1945 0.9778 0.0785
vn 0.1856 0.9333 0.3075
vn 0.1582 0.7955 0.5849
vn 0.1156 0.5810 0.8057
vn 0.0617 0.3104 0.9486
vn 0.0304 0.1527 0.9878
vn -0.0000 0.9969 0.0784
vn -0.0000 0.9516 0.3075
vn -0.0000 0.8111 0.5849
vn -0.0000 0.5923 0.8057
vn -0.0000 0.3165 0.9486
vn -0.0000 0.1557 0.9878
vn -0.1945 0.9778 0.0785
vn -0.1856 0.9333 0.3075
vn -0.1582 0.7955 0.5849
vn -0.1156 0.5810 0.8057
vn -0.0617 0.3104 0.9486
vn -0.0304 0.1527 0.9878
vn -0.3815 0.9210 0.0785
vn -0.3641 0.8791 0.3075
vn -0.3104 0.7493 0.5849
vn -0.2267 0.5473 0.8057
vn -0.1211 0.2924 0.9486
vn -0.0596 0.1438 0.9878
vn -0.5539 0.8289 0.0784
vn -0.5287 0.7912 0.3074
vn -0.4506 0.6744 0.5849
vn -0.3291 0.4925 0.8057
vn -0.1758 0.2632 0.9486
vn -0.0865 0.1295 0.9878
vn -0.7049 0.7049 0.0784
vn -0.6729 0.6729 0.3075
vn -0.5735 0.5735 0.5849
vn -0.4189 0.4189 0.8057
vn -0.2238 0.2238 0.9486
vn -0.1101 0.1101 0.9878
vn -0.8289 0.5539 0.0784
vn -0.7912 0.5287 0.3075
vn -0.6744 0.4506 0.5849
vn -0.4925 0.3291 0.8057
vn -0.2632 0.1758 0.9486
vn -0.1295 0.0865 0.9878
vn -0.9210 0.3815 0.0785
vn -0.8791 0.3641 0.3075
vn -0.7493 0.3104 0.5849
vn -0.5473 0.2267 0.8057
vn -0.2924 0.1211 0.9486
vn -0.1438 0.0596 0.9878
vn -0.9778 0.1945 0.0785
vn -0.9333 0.1856 0.3075
vn -0.7955 0.1582 0.5849
vn -0.5810 0.1156 0.8057
vn -0.3104 0.0617 0.9486
vn -0.1527 0.0304 0.9878
vn -0.9969 -0.0000 0.0785
vn -0.9516 -0.0000 0.3075
vn -0.8111 -0.0000 0.5849
vn -0.5924 -0.0000 0.8057
vn -0.3165 -0.0000 0.9486
vn -0.1557 -0.0000 0.9878
vn -0.9778 -0.1945 0.0785
vn -0.9333 -0.1856 0.3075
vn -0.7955 -0.1582 0.5849
vn -0.5810 -0.1156 0.8057
vn -0.3104 -0.0617 0.9486
vn -0.1527 -0.0304 0.9878
vn -0.9210 -0.3815 0.0785
vn -0.8791 -0.3641 0.3075
vn -0.7493 -0.3104 0.5849
vn -0.5473 -0.2267 0.8057
vn -0.2924 -0.1211 0.9486
vn -0.1438 -0.0596 0.9878
vn -0.8289 -0.5539 0.0784
vn -0.7912 -0.5287 0.3075
vn -0.6744 -0.4506 0.5849
vn -0.4925 -0.3291 0.8057
vn -0.2632 -0.1758 0.9486
vn -0.1295 -0.0865 0.9878
vn -0.7049 -0.7049 0.0784
vn -0.6729 -0.6729 0.3075
vn -0.5735 -0.5735 0.5849
vn -0.4189 -0.4189 0.8057
vn -0.2238 -0.2238 0.9486
vn -0.1101 -0.1101 0.9878
vn -0.5539 -0.8289 0.0784
vn -0.5287 -0.7912 0.3075
vn -0.4506 -0.6744 0.5849
vn -0.3291 -0.4925 0.8057
vn -0.1758 -0.2632 0.9486
vn -0.0865 -0.1295 0.9878
vn -0.3815 -0.9210 0.0785
vn -0.3641 -0.8791 0.3075
vn -0.3104 -0.7493 0.5849
vn -0.2267 -0.5473 0.8057
vn -0.1211 -0.2924 0.9486
vn -0.0596 -0.1438 0.9878
vn -0.1945 -0.9778 0.0785
vn -0.1856 -0.9333 0.3075
vn -0.1582 -0.7955 0.5849
vn -0.1156 -0.5810 0.8057
vn -0.0617 -0.3104 0.9486
vn -0.0304 -0.1527 0.9878
vn 0.9004 -0.0000 0.4351
vn 0.8831 0.1757 0.4351
vn 0.1890 -0.9501 -0.2481
vn -0.0000 -0.9687 -0.2481
vn -0.0000 -0.8858 -0.4641
vn 0.1728 -0.8687 -0.4641
vn -0.0000 -0.7315 -0.6819
vn 0.1427 -0.7174 -0.6819
vn -0.0000 -0.5325 -0.8464
vn 0.1039 -0.5223 -0.8464
vn -0.0000 -0.2907 -0.9568
vn 0.0567 -0.2851 -0.9568
vn -0.0000 -0.0790 -0.9969
vn 0.0154 -0.0774 -0.9969
vn 0.3707 -0.8950 -0.2481
vn 0.3390 -0.8183 -0.4641
vn 0.2799 -0.6758 -0.6819
vn 0.2038 -0.4920 -0.8464
vn 0.1113 -0.2686 -0.9568
vn 0.0302 -0.0730 -0.9969
vn 0.5382 -0.8055 -0.2481
vn 0.4921 -0.7365 -0.4641
vn 0.4064 -0.6082 -0.6819
vn 0.2958 -0.4428 -0.8464
vn 0.1615 -0.2417 -0.9568
vn 0.0439 -0.0657 -0.9969
vn 0.6850 -0.6850 -0.2481
vn 0.6263 -0.6263 -0.4641
vn 0.5172 -0.5172 -0.6819
vn 0.3765 -0.3765 -0.8464
vn 0.2056 -0.2056 -0.9568
vn 0.0558 -0.0558 -0.9969
vn 0.8055 -0.5382 -0.2481
vn 0.7365 -0.4921 -0.4641
vn 0.6082 -0.4064 -0.6819
vn 0.4428 -0.2958 -0.8464
vn 0.2417 -0.1615 -0.9568
vn 0.0657 -0.0439 -0.9969
vn 0.8950 -0.3707 -0.2481
vn 0.8183 -0.3390 -0.4641
vn 0.6758 -0.2799 -0.6819
vn 0.4920 -0.2038 -0.8464
vn 0.2686 -0.1113 -0.9568
vn 0.0730 -0.0302 -0.9969
vn 0.9501 -0.1890 -0.2481
vn 0.8687 -0.1728 -0.4641
vn 0.7174 -0.1427 -0.6819
vn 0.5223 -0.1039 -0.8464
vn 0.2851 -0.0567 -0.9568
vn 0.0774 -0.0154 -0.9969
vn 0.9687 -0.0000 -0.2481
vn 0.8858 -0.0000 -0.4641
vn 0.7315 -0.0000 -0.6819
vn 0.5325 -0.0000 -0.8464
vn 0.2907 -0.0000 -0.9568
vn 0.0790 -0.0000 -0.9969
vn 0.9501 0.1890 -0.2481
vn 0.8687 0.1728 -0.4641
vn 0.7174 0.1427 -0.6819
vn 0.5223 0.1039 -0.8464
vn 0.2851 0.0567 -0.9568
vn 0.0774 0.0154 -0.9969
vn 0.8950 0.3707 -0.2481
vn 0.8183 0.3390 -0.4641
vn 0.6758 0.2799 -0.6819
vn 0.4920 0.2038 -0.8464
vn 0.2686 0.1113 -0.9568
vn 0.0730 0.0302 -0.9969
vn 0.8055 0.5382 -0.2481
vn 0.7365 0.4921 -0.4641
vn 0.6082 0.4064 -0.6819
vn 0.4428 0.2958 -0.8464
vn 0.2417 0.1615 -0.9568
vn 0.0657 0.0439 -0.9969
vn 0.6850 0.6850 -0.2481
vn 0.6263 0.6263 -0.4641
vn 0.5172 0.5172 -0.6819
vn 0.3765 0.3765 -0.8464
vn 0.2056 0.2056 -0.9568
vn 0.0558 0.0558 -0.9969
vn 0.5382 0.8055 -0.2481
vn 0.4921 0.7365 -0.4641
vn 0.4064 0.6082 -0.6819
vn 0.2958 0.4428 -0.8464
vn 0.1615 0.2417 -0.9568
vn 0.0439 0.0657 -0.9969
vn 0.3707 0.8950 -0.2481
vn 0.3390 0.8183 -0.4641
vn 0.2799 0.6758 -0.6819
vn 0.2038 0.4920 -0.8464
vn 0.1113 0.2686 -0.9568
vn 0.0302 0.0730 -0.9969
vn 0.1890 0.9501 -0.2481
vn 0.1728 0.8687 -0.4641
vn 0.1427 0.7174 -0.6819
vn 0.1039 0.5223 -0.8464
vn 0.0567 0.2851 -0.9568
vn 0.0154 0.0774 -0.9969
vn -0.0000 0.9687 -0.2481
vn -0.0000 0.8858 -0.4641
vn -0.0000 0.7315 -0.6819
vn -0.0000 0.5325 -0.8464
vn -0.0000 0.2907 -0.9568
vn -0.0000 0.0790 -0.9969
vn -0.1890 0.9501 -0.2481
vn -0.1728 0.8687 -0.4641
vn -0.1427 0.7174 -0.6819
vn -0.1039 0.5223 -0.8464
vn -0.0567 0.2851 -0.9568
vn -0.0154 0.0774 -0.9969
vn -0.3707 0.8950 -0.2481
vn -0.3390 0.8183 -0.4641
vn -0.2799 0.6758 -0.6819
vn -0.2038 0.4920 -0.8464
vn -0.1113 0.2686 -0.9568
vn -0.0302 0.0730 -0.9969
vn -0.5382 0.8055 -0.2481
vn -0.4921 0.7365 -0.4641
vn -0.4064 0.6082 -0.6819
vn -0.2958 0.4428 -0.8464
vn -0.1615 0.2417 -0.9568
vn -0.0439 0.0657 -0.9969
vn -0.6850 0.6850 -0.2481
vn -0.6263 0.6263 -0.4641
vn -0.5172 0.5172 -0.6819
vn -0.3765 0.3765 -0.8464
vn -0.2056 0.2056 -0.9568
vn -0.0558 0.0558 -0.9969
vn -0.8055 0.5382 -0.2481
vn -0.7365 0.4921 -0.4641
vn -0.6082 0.4064 -0.6819
vn -0.4428 0.2958 -0.8464
vn -0.2417 0.1615 -0.9568
vn -0.0657 0.0439 -0.9969
vn -0.8950 0.3707 -0.2481
vn -0.8183 0.3390 -0.4641
vn -0.6758 0.2799 -0.6819
vn -0.4920 0.2038 -0.8464
vn -0.2686 0.1113 -0.9568
vn -0.0730 0.0302 -0.9969
vn -0.9501 0.1890 -0.2481
vn -0.8687 0.1728 -0.4641
vn -0.7174 0.1427 -0.6819
vn -0.5223 0.1039 -0.8464
vn -0.2851 0.0567 -0.9568
vn -0.0774 0.0154 -0.9969
vn -0.9687 -0.0000 -0.2481
vn -0.8858 -0.0000 -0.4641
vn -0.7315 -0.0000 -0.6819
vn -0.5325 -0.0000 -0.8464
vn -0.2907 -0.0000 -0.9568
vn -0.0790 -0.0000 -0.9969
vn -0.9501 -0.1890 -0.2481
vn -0.8687 -0.1728 -0.4641
vn -0.7174 -0.1427 -0.6819
vn -0.5223 -0.1039 -0.8464
vn -0.2851 -0.0567 -0.9568
vn -0.0774 -0.0154 -0.9969
vn -0.8950 -0.3707 -0.2481
vn -0.8183 -0.3390 -0.4641
vn -0.6758 -0.2799 -0.6819
vn -0.4920 -0.2038 -0.8464
vn -0.2686 -0.1113 -0.9568
vn -0.0730 -0.0302 -0.9969
vn -0.8055 -0.5382 -0.2481
vn -0.7365 -0.4921 -0.4641
vn -0.6082 -0.4064 -0.6819
vn -0.4428 -0.2958 -0.8464
vn -0.2417 -0.1615 -0.9568
vn -0.0657 -0.0439 -0.9969
vn -0.6850 -0.6850 -0.2481
vn -0.6263 -0.6263 -0.4641
vn -0.5172 -0.5172 -0.6819
vn -0.3765 -0.3765 -0.8464
vn -0.2056 -0.2056 -0.9568
vn -0.0558 -0.0558 -0.9969
vn -0.5382 -0.8055 -0.2481
vn -0.4921 -0.7365 -0.4641
vn -0.4064 -0.6082 -0.6819
vn -0.2958 -0.4428 -0.8464
vn -0.1615 -0.2417 -0.9568
vn -0.0439 -0.0656 -0.9969
vn -0.3707 -0.8950 -0.2481
vn -0.3390 -0.8183 -0.4641
vn -0.2799 -0.6758 -0.6819
vn -0.2038 -0.4920 -0.8464
vn -0.1113 -0.2686 -0.9568
vn -0.0302 -0.0730 -0.9969
vn -0.1890 -0.9501 -0.2481
vn -0.1728 -0.8687 -0.4641
vn -0.1427 -0.7174 -0.6819
vn -0.1039 -0.5223 -0.8464
vn -0.0567 -0.2851 -0.9568
vn -0.0154 -0.0774 -0.9969
vn 0.1933 -0.9717 0.1362
vn -0.0000 -0.9907 0.1362
vn 0.3791 -0.9153 0.1362
vn 0.5504 -0.8237 0.1362
vn 0.7005 -0.7005 0.1362
vn 0.8237 -0.5504 0.1362
vn 0.9153 -0.3791 0.1362
vn 0.9717 -0.1933 0.1362
vn 0.9907 -0.0000 0.1362
vn 0.9717 0.1933 0.1362
vn 0.9153 0.3791 0.1362
vn 0.8237 0.5504 0.1362
vn 0.7005 0.7005 0.1362
vn 0.5504 0.8237 0.1362
vn 0.3791 0.9153 0.1362
vn 0.1933 0.9717 0.1362
vn -0.0000 0.9907 0.1362
vn -0.1933 0.9717 0.1362
vn -0.3791 0.9153 0.1362
vn -0.5504 0.8237 0.1362
vn -0.7005 0.7005 0.1362
vn -0.8237 0.5504 0.1362
vn -0.9153 0.3791 0.1362
vn -0.9717 0.1933 0.1362
vn -0.9907 -0.0000 0.1362
vn -0.9717 -0.1933 0.1362
vn -0.9153 -0.3791 0.1362
vn -0.8237 -0.5504 0.1362
vn -0.7005 -0.7005 0.1362
vn -0.5504 -0.8237 0.1362
vn -0.3791 -0.9153 0.1362
vn -0.1933 -0.9717 0.1362
vn -0.0000 -0.0000 1.0000
vn -0.5556 -0.8315 -0.0000
vn -0.3827 -0.9239 -0.0000
vn 0.7486 -0.5002 0.4351
vn 0.8318 -0.3446 0.4351
vn -0.8318 0.3446 0.4351
vn -0.8831 0.1757 0.4351
vn 0.8318 0.3446 0.4351
vn -0.9004 -0.0000 0.4351
vn 0.7486 0.5002 0.4351
vn -0.8831 -0.1757 0.4351
vn 0.6367 0.6367 0.4351
vn -0.8318 -0.3446 0.4351
vn 0.5002 0.7486 0.4351
vn -0.7486 -0.5002 0.4351
vn 0.3446 0.8318 0.4351
vn -0.6367 -0.6367 0.4351
vn 0.1757 0.8831 0.4351
vn -0.5002 -0.7486 0.4351
vn -0.0000 0.9004 0.4351
vn -0.3446 -0.8318 0.4351
vn -0.1757 0.8831 0.4351
vn -0.1757 -0.8831 0.4351
vn -0.0000 -0.9004 0.4351
vn 0.1757 -0.8831 0.4351
vn -0.3446 0.8318 0.4351
vn 0.3446 -0.8318 0.4351
vn -0.5002 0.7486 0.4351
vn 0.5002 -0.7486 0.4351
vn -0.6367 0.6367 0.4351
vn 0.8831 -0.1757 0.4351
vn 0.6367 -0.6367 0.4351
vn -0.7486 0.5002 0.4351
vn -0.0000 1.0000 -0.0000
vn -0.1951 0.9808 -0.0000
vn 0.8315 0.5556 -0.0000
vn 0.7071 0.7071 -0.0000
vn -0.1951 -0.9808 -0.0000
vn -0.3827 0.9239 -0.0000
vn 0.5556 0.8315 -0.0000
vn -0.0000 -1.0000 -0.0000
vn -0.5556 0.8315 -0.0000
vn 0.3827 0.9239 -0.0000
vn 0.1951 -0.9808 -0.0000
vn -0.7071 0.7071 -0.0000
vn 0.1951 0.9808 -0.0000
vn 0.3827 -0.9239 -0.0000
vn -0.8315 0.5556 -0.0000
vn 0.5556 -0.8315 -0.0000
vn -0.9239 0.3827 -0.0000
vn 0.7071 -0.7071 -0.0000
vn -0.9808 0.1951 -0.0000
vn 0.8315 -0.5556 -0.0000
vn -1.0000 -0.0000 -0.0000
vn 0.9239 -0.3827 -0.0000
vn -0.9808 -0.1951 -0.0000
vn 0.9808 -0.1951 -0.0000
vn -0.9239 -0.3827 -0.0000
vn 1.0000 -0.0000 -0.0000
vn -0.8315 -0.5556 -0.0000
vn 0.9808 0.1951 -0.0000
vn -0.7071 -0.7071 -0.0000
vn 0.9239 0.3827 -0.0000
vt 0.971778 0.478600
vt 0.978031 0.478600
vt 0.978024 0.469229
vt 0.971778 0.469229
vt 0.978002 0.461856
vt 0.971778 0.461856
vt 0.978018 0.400627
vt 0.971778 0.400627
vt 0.978028 0.378548
vt 0.971778 0.378548
vt 0.978031 0.350486
vt 0.971778 0.350486
vt 0.965526 0.478600
vt 0.965526 0.469229
vt 0.965526 0.461856
vt 0.965526 0.400627
vt 0.965526 0.378548
vt 0.965526 0.350486
vt 0.959273 0.478600
vt 0.959273 0.469229
vt 0.959273 0.461856
vt 0.959273 0.400627
vt 0.959273 0.378548
vt 0.959273 0.350484
vt 0.953020 0.478600
vt 0.953020 0.469230
vt 0.953020 0.461856
vt 0.953020 0.400627
vt 0.953020 0.378548
vt 0.953020 0.350486
vt 0.946767 0.478600
vt 0.946767 0.469229
vt 0.946767 0.461856
vt 0.946767 0.400627
vt 0.946767 0.378548
vt 0.946767 0.350484
vt 0.940514 0.478600
vt 0.940514 0.469230
vt 0.940514 0.461856
vt 0.940514 0.400627
vt 0.940514 0.378548
vt 0.940514 0.350486
vt 0.934261 0.478600
vt 0.934261 0.469229
vt 0.934261 0.461856
vt 0.934261 0.400627
vt 0.934261 0.378548
vt 0.934261 0.350486
vt 0.928008 0.478600
vt 0.928008 0.469229
vt 0.928008 0.461856
vt 0.928008 0.400627
vt 0.928008 0.378548
vt 0.928008 0.350486
vt 0.921755 0.478600
vt 0.921755 0.469230
vt 0.921755 0.461856
vt 0.921755 0.400627
vt 0.921755 0.378548
vt 0.921755 0.350486
vt 0.915502 0.478600
vt 0.915502 0.469229
vt 0.915502 0.461856
vt 0.915502 0.400627
vt 0.915502 0.378548
vt 0.915502 0.350486
vt 0.909249 0.478600
vt 0.909249 0.469230
vt 0.909249 0.461856
vt 0.909249 0.400627
vt 0.909249 0.378546
vt 0.909249 0.350486
vt 0.902997 0.478600
vt 0.902997 0.469229
vt 0.902997 0.461856
vt 0.902997 0.400627
vt 0.902997 0.378548
vt 0.902997 0.350486
vt 0.896744 0.478600
vt 0.896744 0.469230
vt 0.896744 0.461856
vt 0.896744 0.400627
vt 0.896744 0.378548
vt 0.896744 0.350486
vt 0.890491 0.478600
vt 0.890491 0.469229
vt 0.890491 0.461856
vt 0.890491 0.400627
vt 0.890491 0.378546
vt 0.890491 0.350486
vt 0.884238 0.478600
vt 0.884238 0.469229
vt 0.884238 0.461856
vt 0.884238 0.400627
vt 0.884238 0.378548
vt 0.884238 0.350486
vt 0.877985 0.478600
vt 0.877985 0.469229
vt 0.877985 0.461856
vt 0.877985 0.400627
vt 0.877985 0.378548
vt 0.877985 0.350486
vt 0.871732 0.478600
vt 0.871732 0.469229
vt 0.871732 0.461856
vt 0.871732 0.400627
vt 0.871732 0.378548
vt 0.871732 0.350486
vt 0.865479 0.478600
vt 0.865479 0.469229
vt 0.865479 0.461856
vt 0.865479 0.400627
vt 0.865479 0.378546
vt 0.865479 0.350486
vt 0.859226 0.478600
vt 0.859226 0.469229
vt 0.859226 0.461856
vt 0.859226 0.400627
vt 0.859226 0.378546
vt 0.859226 0.350486
vt 0.852973 0.478600
vt 0.852973 0.469230
vt 0.852973 0.461856
vt 0.852973 0.400627
vt 0.852973 0.378548
vt 0.852973 0.350486
vt 0.846720 0.478600
vt 0.846720 0.469229
vt 0.846720 0.461856
vt 0.846720 0.400627
vt 0.846720 0.378546
vt 0.846720 0.350486
vt 0.840468 0.478600
vt 0.840468 0.469229
vt 0.840468 0.461856
vt 0.840468 0.400627
vt 0.840468 0.378546
vt 0.840468 0.350486
vt 0.834215 0.478600
vt 0.834215 0.469230
vt 0.834215 0.461856
vt 0.834215 0.400627
vt 0.834215 0.378548
vt 0.834215 0.350486
vt 0.827962 0.478600
vt 0.827962 0.469229
vt 0.827962 0.461856
vt 0.827962 0.400627
vt 0.827962 0.378548
vt 0.827962 0.350486
vt 0.821709 0.478600
vt 0.821709 0.469229
vt 0.821709 0.461856
vt 0.821709 0.400627
vt 0.821709 0.378548
vt 0.821709 0.350486
vt 0.815456 0.478600
vt 0.815456 0.469229
vt 0.815456 0.461856
vt 0.815456 0.400627
vt 0.815456 0.378546
vt 0.815456 0.350486
vt 0.809203 0.478600
vt 0.809203 0.469230
vt 0.809203 0.461856
vt 0.809203 0.400627
vt 0.809203 0.378548
vt 0.809203 0.350484
vt 0.802950 0.478600
vt 0.802950 0.469230
vt 0.802950 0.461856
vt 0.802950 0.400627
vt 0.802950 0.378548
vt 0.802950 0.350486
vt 0.796697 0.478600
vt 0.796697 0.469230
vt 0.796697 0.461856
vt 0.796697 0.400627
vt 0.796697 0.378548
vt 0.796697 0.350484
vt 0.790444 0.478600
vt 0.790444 0.469229
vt 0.790444 0.461856
vt 0.790444 0.400627
vt 0.790444 0.378546
vt 0.790444 0.350486
vt 0.784192 0.478600
vt 0.784192 0.469229
vt 0.784192 0.461856
vt 0.784192 0.400627
vt 0.784192 0.378548
vt 0.784192 0.350486
vt 0.777939 0.478600
vt 0.777946 0.469229
vt 0.777968 0.461856
vt 0.777952 0.400627
vt 0.777942 0.378548
vt 0.777939 0.350486
vt 0.228351 0.848740
vt 0.164716 0.848740
vt 0.164716 0.829746
vt 0.228351 0.829746
vt 0.228351 0.259950
vt 0.164716 0.259950
vt 0.164716 0.240957
vt 0.228351 0.240957
vt 0.164716 0.810753
vt 0.228351 0.810753
vt 0.164716 0.791760
vt 0.228351 0.791760
vt 0.164716 0.772767
vt 0.228351 0.772767
vt 0.164716 0.753774
vt 0.228351 0.753774
vt 0.164716 0.734780
vt 0.228351 0.734780
vt 0.164716 0.715787
vt 0.228351 0.715787
vt 0.164716 0.696794
vt 0.228351 0.696794
vt 0.164716 0.677801
vt 0.228351 0.677801
vt 0.164716 0.658808
vt 0.228351 0.658808
vt 0.164716 0.639814
vt 0.228351 0.639814
vt 0.164716 0.620821
vt 0.228351 0.620821
vt 0.164716 0.601828
vt 0.228351 0.601828
vt 0.164716 0.582835
vt 0.228351 0.582835
vt 0.164716 0.563841
vt 0.228351 0.563841
vt 0.164716 0.544848
vt 0.228351 0.544848
vt 0.164716 0.525855
vt 0.228351 0.525855
vt 0.164716 0.506862
vt 0.228351 0.506862
vt 0.164716 0.487869
vt 0.228351 0.487869
vt 0.164716 0.468875
vt 0.228351 0.468875
vt 0.164716 0.449882
vt 0.228351 0.449882
vt 0.164716 0.430889
vt 0.228351 0.430889
vt 0.164716 0.411896
vt 0.228351 0.411896
vt 0.164716 0.392902
vt 0.228351 0.392902
vt 0.164716 0.373909
vt 0.228351 0.373909
vt 0.164716 0.354916
vt 0.228351 0.354916
vt 0.164716 0.335923
vt 0.228351 0.335923
vt 0.164716 0.316930
vt 0.228351 0.316930
vt 0.164716 0.297936
vt 0.228351 0.297936
vt 0.164716 0.278943
vt 0.228351 0.278943
vt 0.298910 0.259950
vt 0.298910 0.240957
vt 0.300836 0.240973
vt 0.300836 0.259950
vt 0.303081 0.241020
vt 0.303081 0.259950
vt 0.309326 0.241020
vt 0.309326 0.259950
vt 0.318357 0.240973
vt 0.318357 0.259950
vt 0.326107 0.240957
vt 0.326107 0.259950
vt 0.298910 0.278943
vt 0.300836 0.278943
vt 0.303081 0.278943
vt 0.309326 0.278943
vt 0.318357 0.278943
vt 0.326107 0.278943
vt 0.298910 0.297936
vt 0.300836 0.297936
vt 0.303081 0.297936
vt 0.309326 0.297936
vt 0.318357 0.297936
vt 0.326107 0.297936
vt 0.298910 0.316930
vt 0.300836 0.316930
vt 0.303081 0.316930
vt 0.309326 0.316930
vt 0.318357 0.316930
vt 0.326107 0.316930
vt 0.298910 0.335923
vt 0.300837 0.335923
vt 0.303081 0.335923
vt 0.309326 0.335923
vt 0.318357 0.335923
vt 0.326107 0.335923
vt 0.298910 0.354916
vt 0.300836 0.354916
vt 0.303081 0.354916
vt 0.309326 0.354916
vt 0.318357 0.354916
vt 0.326107 0.354916
vt 0.298910 0.373909
vt 0.300836 0.373909
vt 0.303081 0.373909
vt 0.309326 0.373909
vt 0.318357 0.373909
vt 0.326107 0.373909
vt 0.298910 0.392902
vt 0.300836 0.392902
vt 0.303081 0.392902
vt 0.309326 0.392902
vt 0.318357 0.392902
vt 0.326107 0.392902
vt 0.298910 0.411896
vt 0.300837 0.411896
vt 0.303081 0.411896
vt 0.309326 0.411896
vt 0.318357 0.411896
vt 0.326107 0.411896
vt 0.298910 0.430889
vt 0.300837 0.430889
vt 0.303081 0.430889
vt 0.309326 0.430889
vt 0.318357 0.430889
vt 0.326107 0.430889
vt 0.298910 0.449882
vt 0.300837 0.449882
vt 0.303081 0.449882
vt 0.309326 0.449882
vt 0.318357 0.449882
vt 0.326107 0.449882
vt 0.298910 0.468875
vt 0.300836 0.468875
vt 0.303081 0.468875
vt 0.309326 0.468875
vt 0.318357 0.468875
vt 0.326107 0.468875
vt 0.298910 0.487869
vt 0.300837 0.487869
vt 0.303081 0.487869
vt 0.309326 0.487869
vt 0.318357 0.487869
vt 0.326107 0.487869
vt 0.298910 0.506862
vt 0.300836 0.506862
vt 0.303081 0.506862
vt 0.309326 0.506862
vt 0.318357 0.506862
vt 0.326107 0.506862
vt 0.298910 0.525855
vt 0.300837 0.525855
vt 0.303081 0.525855
vt 0.309326 0.525855
vt 0.318357 0.525855
vt 0.326107 0.525855
vt 0.298910 0.544848
vt 0.300836 0.544848
vt 0.303081 0.544848
vt 0.309326 0.544848
vt 0.318357 0.544848
vt 0.326107 0.544848
vt 0.298910 0.563841
vt 0.300836 0.563841
vt 0.303081 0.563841
vt 0.309326 0.563841
vt 0.318357 0.563841
vt 0.326107 0.563841
vt 0.298910 0.582835
vt 0.300836 0.582835
vt 0.303081 0.582835
vt 0.309326 0.582835
vt 0.318357 0.582835
vt 0.326107 0.582835
vt 0.298910 0.601828
vt 0.300836 0.601828
vt 0.303081 0.601828
vt 0.309326 0.601828
vt 0.318357 0.601828
vt 0.326107 0.601828
vt 0.298910 0.620821
vt 0.300836 0.620821
vt 0.303081 0.620821
vt 0.309326 0.620821
vt 0.318357 0.620821
vt 0.326107 0.620821
vt 0.298910 0.639814
vt 0.300836 0.639814
vt 0.303081 0.639814
vt 0.309326 0.639814
vt 0.318357 0.639814
vt 0.326107 0.639814
vt 0.298910 0.658808
vt 0.300836 0.658808
vt 0.303081 0.658808
vt 0.309326 0.658808
vt 0.318357 0.658808
vt 0.326107 0.658808
vt 0.298910 0.677801
vt 0.300837 0.677801
vt 0.303081 0.677801
vt 0.309326 0.677801
vt 0.318357 0.677801
vt 0.326107 0.677801
vt 0.298910 0.696794
vt 0.300836 0.696794
vt 0.303081 0.696794
vt 0.309326 0.696794
vt 0.318357 0.696794
vt 0.326107 0.696794
vt 0.298910 0.715787
vt 0.300836 0.715787
vt 0.303081 0.715787
vt 0.309326 0.715787
vt 0.318357 0.715787
vt 0.326107 0.715787
vt 0.298910 0.734780
vt 0.300836 0.734780
vt 0.303081 0.734780
vt 0.309326 0.734780
vt 0.318357 0.734780
vt 0.326107 0.734780
vt 0.298910 0.753774
vt 0.300837 0.753774
vt 0.303081 0.753774
vt 0.309326 0.753774
vt 0.318357 0.753774
vt 0.326107 0.753774
vt 0.298910 0.772767
vt 0.300837 0.772767
vt 0.303081 0.772767
vt 0.309326 0.772767
vt 0.318357 0.772767
vt 0.326107 0.772767
vt 0.298910 0.791760
vt 0.300836 0.791760
vt 0.303081 0.791760
vt 0.309326 0.791760
vt 0.318357 0.791760
vt 0.326107 0.791760
vt 0.298910 0.810753
vt 0.300837 0.810753
vt 0.303081 0.810753
vt 0.309326 0.810753
vt 0.318357 0.810753
vt 0.326107 0.810753
vt 0.298910 0.829746
vt 0.300837 0.829747
vt 0.303081 0.829746
vt 0.309326 0.829746
vt 0.318357 0.829746
vt 0.326107 0.829746
vt 0.298910 0.848740
vt 0.300837 0.848723
vt 0.303081 0.848677
vt 0.309326 0.848676
vt 0.318357 0.848723
vt 0.326107 0.848740
vt 0.358482 0.848740
vt 0.358482 0.829746
vt 0.363933 0.829746
vt 0.363933 0.848695
vt 0.376123 0.829746
vt 0.376123 0.848564
vt 0.879263 0.515273
vt 0.862852 0.516889
vt 0.863506 0.520174
vt 0.879263 0.518622
vt 0.863950 0.522405
vt 0.879263 0.520897
vt 0.864441 0.524878
vt 0.879263 0.523419
vt 0.358482 0.810753
vt 0.363933 0.810753
vt 0.376123 0.810753
vt 0.847072 0.521676
vt 0.848354 0.524770
vt 0.849225 0.526872
vt 0.850190 0.529202
vt 0.358482 0.791760
vt 0.363933 0.791760
vt 0.376123 0.791760
vt 0.832530 0.529449
vt 0.834390 0.532234
vt 0.835654 0.534125
vt 0.837055 0.536222
vt 0.358482 0.772767
vt 0.363933 0.772767
vt 0.376123 0.772767
vt 0.819783 0.539910
vt 0.822151 0.542278
vt 0.823760 0.543887
vt 0.825543 0.545670
vt 0.358482 0.753774
vt 0.363933 0.753774
vt 0.376123 0.753774
vt 0.809322 0.552657
vt 0.812106 0.554518
vt 0.813998 0.555782
vt 0.816095 0.557183
vt 0.358482 0.734780
vt 0.363933 0.734780
vt 0.376123 0.734780
vt 0.801548 0.567200
vt 0.804643 0.568481
vt 0.806745 0.569352
vt 0.809074 0.570317
vt 0.358482 0.715787
vt 0.363933 0.715787
vt 0.376123 0.715787
vt 0.796762 0.582980
vt 0.800046 0.583633
vt 0.802278 0.584077
vt 0.804751 0.584569
vt 0.358482 0.696794
vt 0.363933 0.696794
vt 0.376123 0.696794
vt 0.795145 0.599390
vt 0.798494 0.599390
vt 0.800770 0.599390
vt 0.803291 0.599390
vt 0.358482 0.677801
vt 0.363933 0.677801
vt 0.376123 0.677801
vt 0.796762 0.615801
vt 0.800046 0.615147
vt 0.802278 0.614703
vt 0.804751 0.614211
vt 0.358482 0.658808
vt 0.363933 0.658808
vt 0.376123 0.658808
vt 0.801548 0.631580
vt 0.804643 0.630299
vt 0.806745 0.629428
vt 0.809074 0.628463
vt 0.358482 0.639814
vt 0.363933 0.639814
vt 0.376123 0.639814
vt 0.809322 0.646123
vt 0.812106 0.644263
vt 0.813998 0.642999
vt 0.816095 0.641598
vt 0.358482 0.620821
vt 0.363933 0.620821
vt 0.376123 0.620821
vt 0.819783 0.658870
vt 0.822151 0.656502
vt 0.823760 0.654893
vt 0.825543 0.653110
vt 0.358482 0.601828
vt 0.363933 0.601828
vt 0.376123 0.601828
vt 0.832530 0.669331
vt 0.834390 0.666547
vt 0.835654 0.664655
vt 0.837055 0.662558
vt 0.358482 0.582835
vt 0.363933 0.582835
vt 0.376123 0.582835
vt 0.847072 0.677105
vt 0.848354 0.674010
vt 0.849225 0.671908
vt 0.850190 0.669579
vt 0.358482 0.563841
vt 0.363933 0.563841
vt 0.376123 0.563841
vt 0.862852 0.681891
vt 0.863506 0.678607
vt 0.863950 0.676375
vt 0.864441 0.673902
vt 0.358482 0.544848
vt 0.363933 0.544848
vt 0.376123 0.544848
vt 0.879263 0.683508
vt 0.879263 0.680159
vt 0.879263 0.677884
vt 0.879263 0.675362
vt 0.358482 0.525855
vt 0.363933 0.525855
vt 0.376123 0.525855
vt 0.895673 0.681891
vt 0.895020 0.678607
vt 0.894576 0.676375
vt 0.894084 0.673902
vt 0.358482 0.506862
vt 0.363933 0.506862
vt 0.376123 0.506862
vt 0.911453 0.677105
vt 0.910172 0.674010
vt 0.909301 0.671908
vt 0.908336 0.669579
vt 0.358482 0.487869
vt 0.363933 0.487869
vt 0.376123 0.487869
vt 0.925996 0.669331
vt 0.924135 0.666547
vt 0.922871 0.664655
vt 0.921470 0.662558
vt 0.358482 0.468875
vt 0.363933 0.468875
vt 0.376123 0.468875
vt 0.938743 0.658870
vt 0.936375 0.656502
vt 0.934766 0.654893
vt 0.932983 0.653110
vt 0.358482 0.449882
vt 0.363933 0.449882
vt 0.376123 0.449882
vt 0.949204 0.646123
vt 0.946419 0.644263
vt 0.944528 0.642999
vt 0.942431 0.641598
vt 0.358482 0.430889
vt 0.363933 0.430889
vt 0.376123 0.430889
vt 0.956977 0.631581
vt 0.953883 0.630299
vt 0.951781 0.629428
vt 0.949451 0.628463
vt 0.358482 0.411896
vt 0.363933 0.411896
vt 0.376123 0.411896
vt 0.961764 0.615801
vt 0.958479 0.615147
vt 0.956248 0.614703
vt 0.953774 0.614211
vt 0.358482 0.392902
vt 0.363933 0.392902
vt 0.376123 0.392902
vt 0.963380 0.599390
vt 0.960031 0.599390
vt 0.957756 0.599390
vt 0.955234 0.599390
vt 0.358482 0.373909
vt 0.363933 0.373909
vt 0.376123 0.373909
vt 0.961764 0.582980
vt 0.958479 0.583633
vt 0.956248 0.584077
vt 0.953774 0.584569
vt 0.358482 0.354916
vt 0.363933 0.354916
vt 0.376123 0.354916
vt 0.956977 0.567200
vt 0.953883 0.568481
vt 0.951781 0.569352
vt 0.949451 0.570317
vt 0.358482 0.335923
vt 0.363933 0.335923
vt 0.376123 0.335923
vt 0.949204 0.552657
vt 0.946419 0.554518
vt 0.944528 0.555782
vt 0.942431 0.557183
vt 0.358482 0.316930
vt 0.363933 0.316930
vt 0.376123 0.316930
vt 0.938743 0.539910
vt 0.936375 0.542278
vt 0.934766 0.543887
vt 0.932983 0.545670
vt 0.358482 0.297936
vt 0.363933 0.297936
vt 0.376123 0.297936
vt 0.925996 0.529449
vt 0.924135 0.532234
vt 0.922871 0.534125
vt 0.921470 0.536222
vt 0.358482 0.278943
vt 0.363933 0.278943
vt 0.376123 0.278943
vt 0.911453 0.521676
vt 0.910172 0.524770
vt 0.909301 0.526872
vt 0.908336 0.529202
vt 0.358482 0.259950
vt 0.363933 0.259950
vt 0.376123 0.259950
vt 0.895673 0.516889
vt 0.895020 0.520174
vt 0.894576 0.522405
vt 0.894084 0.524878
vt 0.358482 0.240957
vt 0.363933 0.241002
vt 0.376123 0.241133
vt 0.938862 0.890867
vt 0.937879 0.880892
vt 0.984127 0.201691
vt 0.991027 0.201692
vt 0.990913 0.227848
vt 0.984127 0.227847
vt 0.990730 0.283796
vt 0.984127 0.283796
vt 0.902822 0.189942
vt 0.886428 0.191556
vt 0.886428 0.167073
vt 0.898045 0.165929
vt 0.886428 0.146999
vt 0.894129 0.146240
vt 0.886428 0.126134
vt 0.890058 0.125777
vt 0.977227 0.201692
vt 0.977227 0.227848
vt 0.977227 0.283796
vt 0.918585 0.185160
vt 0.909216 0.162541
vt 0.901534 0.143994
vt 0.893549 0.124718
vt 0.970327 0.201692
vt 0.970327 0.227847
vt 0.970327 0.283796
vt 0.933113 0.177395
vt 0.919511 0.157038
vt 0.908358 0.140346
vt 0.896766 0.122998
vt 0.963427 0.201692
vt 0.963427 0.227849
vt 0.963427 0.283796
vt 0.945846 0.166945
vt 0.928534 0.149632
vt 0.914339 0.135437
vt 0.899586 0.120684
vt 0.956527 0.201692
vt 0.956527 0.227847
vt 0.956527 0.283796
vt 0.956297 0.154211
vt 0.935940 0.140609
vt 0.919248 0.129456
vt 0.901900 0.117864
vt 0.949627 0.201692
vt 0.949627 0.227848
vt 0.949627 0.283796
vt 0.964062 0.139683
vt 0.941443 0.130314
vt 0.922896 0.122632
vt 0.903620 0.114647
vt 0.942727 0.201692
vt 0.942727 0.227847
vt 0.942727 0.283796
vt 0.968844 0.123920
vt 0.944831 0.119143
vt 0.925142 0.115227
vt 0.904679 0.111156
vt 0.935827 0.201692
vt 0.935827 0.227848
vt 0.935827 0.283796
vt 0.970458 0.107526
vt 0.945975 0.107526
vt 0.925901 0.107526
vt 0.905036 0.107526
vt 0.928927 0.201692
vt 0.928927 0.227848
vt 0.928927 0.283796
vt 0.968844 0.091133
vt 0.944831 0.095909
vt 0.925142 0.099825
vt 0.904679 0.103896
vt 0.922027 0.201692
vt 0.922027 0.227848
vt 0.922027 0.283796
vt 0.964062 0.075369
vt 0.941443 0.084738
vt 0.922896 0.092421
vt 0.903620 0.100405
vt 0.915127 0.201692
vt 0.915127 0.227847
vt 0.915127 0.283796
vt 0.956297 0.060842
vt 0.935940 0.074444
vt 0.919248 0.085596
vt 0.901900 0.097188
vt 0.908227 0.201692
vt 0.908227 0.227848
vt 0.908227 0.283796
vt 0.945846 0.048108
vt 0.928534 0.065420
vt 0.914339 0.079615
vt 0.899586 0.094368
vt 0.901327 0.201692
vt 0.901327 0.227847
vt 0.901327 0.283796
vt 0.933113 0.037658
vt 0.919511 0.058014
vt 0.908358 0.074706
vt 0.896766 0.092054
vt 0.894427 0.201692
vt 0.894427 0.227848
vt 0.894427 0.283796
vt 0.918585 0.029892
vt 0.909216 0.052512
vt 0.901534 0.071058
vt 0.893549 0.090335
vt 0.887527 0.201692
vt 0.887527 0.227847
vt 0.887527 0.283796
vt 0.902822 0.025111
vt 0.898045 0.049123
vt 0.894129 0.068812
vt 0.890058 0.089276
vt 0.880626 0.201692
vt 0.880626 0.227848
vt 0.880626 0.283796
vt 0.886428 0.023496
vt 0.886428 0.047979
vt 0.886428 0.068054
vt 0.886428 0.088918
vt 0.873726 0.201692
vt 0.873726 0.227848
vt 0.873726 0.283796
vt 0.870035 0.025111
vt 0.874811 0.049123
vt 0.878727 0.068812
vt 0.882798 0.089276
vt 0.866826 0.201692
vt 0.866826 0.227848
vt 0.866826 0.283796
vt 0.854271 0.029892
vt 0.863640 0.052512
vt 0.871323 0.071058
vt 0.879307 0.090335
vt 0.859926 0.201691
vt 0.859926 0.227849
vt 0.859926 0.283796
vt 0.839743 0.037658
vt 0.853345 0.058014
vt 0.864498 0.074706
vt 0.876090 0.092054
vt 0.853026 0.201692
vt 0.853026 0.227847
vt 0.853026 0.283796
vt 0.827010 0.048108
vt 0.844322 0.065420
vt 0.858517 0.079615
vt 0.873270 0.094368
vt 0.846126 0.201692
vt 0.846126 0.227847
vt 0.846126 0.283796
vt 0.816560 0.060842
vt 0.836916 0.074444
vt 0.853608 0.085596
vt 0.870956 0.097188
vt 0.839226 0.201692
vt 0.839226 0.227848
vt 0.839226 0.283796
vt 0.808794 0.075369
vt 0.831414 0.084738
vt 0.849960 0.092421
vt 0.869237 0.100405
vt 0.832326 0.201692
vt 0.832326 0.227848
vt 0.832326 0.283796
vt 0.804013 0.091133
vt 0.828025 0.095909
vt 0.847714 0.099825
vt 0.868178 0.103896
vt 0.825426 0.201692
vt 0.825426 0.227848
vt 0.825426 0.283796
vt 0.802398 0.107526
vt 0.826881 0.107526
vt 0.846956 0.107526
vt 0.867820 0.107526
vt 0.818526 0.201692
vt 0.818526 0.227847
vt 0.818526 0.283796
vt 0.804013 0.123920
vt 0.828025 0.119143
vt 0.847714 0.115227
vt 0.868178 0.111156
vt 0.811626 0.201692
vt 0.811626 0.227848
vt 0.811626 0.283796
vt 0.808794 0.139683
vt 0.831414 0.130314
vt 0.849960 0.122632
vt 0.869237 0.114647
vt 0.804726 0.201692
vt 0.804726 0.227847
vt 0.804726 0.283796
vt 0.816560 0.154211
vt 0.836916 0.140609
vt 0.853608 0.129456
vt 0.870956 0.117864
vt 0.797826 0.201692
vt 0.797826 0.227847
vt 0.797826 0.283796
vt 0.827010 0.166945
vt 0.844322 0.149632
vt 0.858517 0.135437
vt 0.873270 0.120684
vt 0.790926 0.201692
vt 0.790926 0.227849
vt 0.790926 0.283796
vt 0.839743 0.177395
vt 0.853345 0.157038
vt 0.864498 0.140346
vt 0.876090 0.122998
vt 0.784026 0.201692
vt 0.784026 0.227848
vt 0.784026 0.283796
vt 0.854271 0.185160
vt 0.863640 0.162541
vt 0.871323 0.143994
vt 0.879307 0.124718
vt 0.777126 0.201692
vt 0.777126 0.227847
vt 0.777126 0.283796
vt 0.870035 0.189942
vt 0.874811 0.165929
vt 0.878727 0.146240
vt 0.882798 0.125777
vt 0.770226 0.201692
vt 0.770340 0.227847
vt 0.770523 0.283796
vt 0.143313 0.815358
vt 0.048822 0.815358
vt 0.048822 0.790819
vt 0.143313 0.790819
vt 0.143313 0.054628
vt 0.048822 0.054628
vt 0.048822 0.030088
vt 0.143313 0.030088
vt 0.048822 0.766279
vt 0.143313 0.766279
vt 0.048822 0.741739
vt 0.143313 0.741739
vt 0.048822 0.717200
vt 0.143313 0.717200
vt 0.048822 0.692660
vt 0.143313 0.692660
vt 0.048822 0.668120
vt 0.143313 0.668120
vt 0.048822 0.643580
vt 0.143313 0.643580
vt 0.048822 0.619041
vt 0.143313 0.619041
vt 0.048822 0.594501
vt 0.143313 0.594501
vt 0.048822 0.569961
vt 0.143313 0.569961
vt 0.048822 0.545422
vt 0.143313 0.545422
vt 0.048822 0.520882
vt 0.143313 0.520882
vt 0.048822 0.496342
vt 0.143313 0.496342
vt 0.048822 0.471802
vt 0.143313 0.471802
vt 0.048822 0.447263
vt 0.143313 0.447263
vt 0.048822 0.422723
vt 0.143313 0.422723
vt 0.048822 0.398183
vt 0.143313 0.398183
vt 0.048822 0.373644
vt 0.143313 0.373644
vt 0.048822 0.349104
vt 0.143313 0.349104
vt 0.048822 0.324564
vt 0.143313 0.324564
vt 0.048822 0.300025
vt 0.143313 0.300025
vt 0.048822 0.275485
vt 0.143313 0.275485
vt 0.048822 0.250945
vt 0.143313 0.250945
vt 0.048822 0.226405
vt 0.143313 0.226405
vt 0.048822 0.201866
vt 0.143313 0.201866
vt 0.048822 0.177326
vt 0.143313 0.177326
vt 0.048822 0.152786
vt 0.143313 0.152786
vt 0.048822 0.128247
vt 0.143313 0.128247
vt 0.048822 0.103707
vt 0.143313 0.103707
vt 0.048822 0.079167
vt 0.143313 0.079167
vt 0.546652 0.198539
vt 0.540945 0.199101
vt 0.540945 0.200691
vt 0.546962 0.200098
vt 0.552140 0.196874
vt 0.552749 0.198343
vt 0.557199 0.194171
vt 0.558082 0.195492
vt 0.561632 0.190532
vt 0.562756 0.191656
vt 0.565270 0.186099
vt 0.566592 0.186982
vt 0.567974 0.181041
vt 0.569442 0.181649
vt 0.569638 0.175553
vt 0.571197 0.175863
vt 0.570201 0.169845
vt 0.571790 0.169845
vt 0.569638 0.164138
vt 0.571197 0.163828
vt 0.567974 0.158650
vt 0.569442 0.158041
vt 0.565270 0.153592
vt 0.566592 0.152709
vt 0.561632 0.149158
vt 0.562756 0.148034
vt 0.557199 0.145520
vt 0.558082 0.144198
vt 0.552140 0.142816
vt 0.552749 0.141348
vt 0.546652 0.141152
vt 0.546962 0.139593
vt 0.540945 0.140589
vt 0.540945 0.139000
vt 0.535237 0.141152
vt 0.534927 0.139593
vt 0.529749 0.142816
vt 0.529141 0.141348
vt 0.524691 0.145520
vt 0.523808 0.144198
vt 0.520258 0.149158
vt 0.519134 0.148034
vt 0.516619 0.153592
vt 0.515298 0.152709
vt 0.513916 0.158650
vt 0.512447 0.158041
vt 0.512251 0.164138
vt 0.510692 0.163828
vt 0.511689 0.169845
vt 0.510099 0.169845
vt 0.512251 0.175553
vt 0.510692 0.175863
vt 0.513916 0.181041
vt 0.512447 0.181649
vt 0.516619 0.186099
vt 0.515298 0.186982
vt 0.520258 0.190532
vt 0.519134 0.191656
vt 0.524691 0.194171
vt 0.523808 0.195492
vt 0.529749 0.196874
vt 0.529141 0.198343
vt 0.535237 0.198539
vt 0.534927 0.200098
vt 0.866937 0.537424
vt 0.879263 0.536210
vt 0.879263 0.527333
vt 0.865205 0.528718
vt 0.855085 0.541019
vt 0.851688 0.532818
vt 0.844162 0.546857
vt 0.839230 0.539477
vt 0.834587 0.554715
vt 0.828311 0.548438
vt 0.826730 0.564289
vt 0.819350 0.559358
vt 0.820891 0.575212
vt 0.812691 0.571815
vt 0.817296 0.587064
vt 0.808590 0.585333
vt 0.816082 0.599390
vt 0.807206 0.599390
vt 0.817296 0.611716
vt 0.808591 0.613448
vt 0.820891 0.623568
vt 0.812691 0.626965
vt 0.826730 0.634491
vt 0.819350 0.639423
vt 0.834587 0.644065
vt 0.828311 0.650342
vt 0.844162 0.651923
vt 0.839230 0.659303
vt 0.855085 0.657761
vt 0.851688 0.665962
vt 0.866937 0.661357
vt 0.865205 0.670062
vt 0.879263 0.662571
vt 0.879263 0.671447
vt 0.891589 0.661357
vt 0.893320 0.670062
vt 0.903441 0.657761
vt 0.906838 0.665962
vt 0.914364 0.651923
vt 0.919295 0.659303
vt 0.923938 0.644065
vt 0.930215 0.650342
vt 0.931795 0.634491
vt 0.939176 0.639423
vt 0.937634 0.623568
vt 0.945834 0.626965
vt 0.941229 0.611716
vt 0.949935 0.613448
vt 0.942443 0.599390
vt 0.951319 0.599390
vt 0.941229 0.587064
vt 0.949935 0.585333
vt 0.937634 0.575212
vt 0.945834 0.571815
vt 0.931795 0.564289
vt 0.939176 0.559358
vt 0.923938 0.554715
vt 0.930215 0.548438
vt 0.914364 0.546858
vt 0.919295 0.539477
vt 0.903441 0.541019
vt 0.906838 0.532818
vt 0.891589 0.537424
vt 0.893320 0.528718
vt 0.907794 0.860841
vt 0.901551 0.857504
vt 0.930245 0.919273
vt 0.934970 0.910433
vt 0.840493 0.871300
vt 0.837584 0.880892
vt 0.934970 0.871300
vt 0.836601 0.890867
vt 0.930245 0.862460
vt 0.837584 0.900842
vt 0.923886 0.854712
vt 0.840493 0.910433
vt 0.916138 0.848354
vt 0.845218 0.919273
vt 0.907298 0.843629
vt 0.851577 0.927021
vt 0.897706 0.840719
vt 0.859325 0.933380
vt 0.887731 0.839737
vt 0.868165 0.938105
vt 0.877756 0.840719
vt 0.877756 0.941014
vt 0.887731 0.941997
vt 0.897706 0.941014
vt 0.868165 0.843629
vt 0.907298 0.938105
vt 0.859325 0.848354
vt 0.916138 0.933380
vt 0.851577 0.854712
vt 0.937879 0.900842
vt 0.923886 0.927021
vt 0.845218 0.862460
vt 0.894777 0.926285
vt 0.887731 0.926979
vt 0.901551 0.924230
vt 0.907794 0.920893
vt 0.913266 0.916401
vt 0.917757 0.910929
vt 0.921094 0.904686
vt 0.923149 0.897912
vt 0.923843 0.890867
vt 0.923149 0.883822
vt 0.921094 0.877047
vt 0.917757 0.870804
vt 0.913266 0.865332
vt 0.894777 0.855449
vt 0.887731 0.854755
vt 0.880686 0.855449
vt 0.873912 0.857504
vt 0.867669 0.860841
vt 0.862197 0.865332
vt 0.857706 0.870804
vt 0.854369 0.877047
vt 0.852314 0.883822
vt 0.851620 0.890867
vt 0.852314 0.897912
vt 0.854368 0.904686
vt 0.857706 0.910929
vt 0.862197 0.916401
vt 0.867669 0.920892
vt 0.873912 0.924230
vt 0.880686 0.926284
s 1
usemtl RocketsPalletteOrange
f 220/1/1 33/2/2 35/3/3 224/4/4
f 224/4/4 35/3/3 36/5/5 223/6/6
f 223/6/6 36/5/5 37/7/7 222/8/8
f 222/8/8 37/7/7 38/9/9 221/10/10
f 221/10/10 38/9/9 34/11/11 219/12/12
f 214/13/13 220/1/1 224/4/4 218/14/14
f 218/14/14 224/4/4 223/6/6 217/15/15
f 217/15/15 223/6/6 222/8/8 216/16/16
f 216/16/16 222/8/8 221/10/10 215/17/17
f 215/17/17 221/10/10 219/12/12 213/18/18
f 208/19/19 214/13/13 218/14/14 212/20/20
f 212/20/20 218/14/14 217/15/15 211/21/21
f 211/21/21 217/15/15 216/16/16 210/22/22
f 210/22/22 216/16/16 215/17/17 209/23/23
f 209/23/23 215/17/17 213/18/18 207/24/24
f 202/25/25 208/19/19 212/20/20 206/26/26
f 206/26/26 212/20/20 211/21/21 205/27/27
f 205/27/27 211/21/21 210/22/22 204/28/28
f 204/28/28 210/22/22 209/23/23 203/29/29
f 203/29/29 209/23/23 207/24/24 201/30/30
f 196/31/31 202/25/25 206/26/26 200/32/32
f 200/32/32 206/26/26 205/27/27 199/33/33
f 199/33/33 205/27/27 204/28/28 198/34/34
f 198/34/34 204/28/28 203/29/29 197/35/35
f 197/35/35 203/29/29 201/30/30 195/36/36
f 190/37/37 196/31/31 200/32/32 194/38/38
f 194/38/38 200/32/32 199/33/33 193/39/39
f 193/39/39 199/33/33 198/34/34 192/40/40
f 192/40/40 198/34/34 197/35/35 191/41/41
f 191/41/41 197/35/35 195/36/36 189/42/42
f 184/43/43 190/37/37 194/38/38 188/44/44
f 188/44/44 194/38/38 193/39/39 187/45/45
f 187/45/45 193/39/39 192/40/40 186/46/46
f 186/46/46 192/40/40 191/41/41 185/47/47
f 185/47/47 191/41/41 189/42/42 183/48/48
f 178/49/49 184/43/43 188/44/44 182/50/50
f 182/50/50 188/44/44 187/45/45 181/51/51
f 181/51/51 187/45/45 186/46/46 180/52/52
f 180/52/52 186/46/46 185/47/47 179/53/53
f 179/53/53 185/47/47 183/48/48 177/54/54
f 172/55/55 178/49/49 182/50/50 176/56/56
f 176/56/56 182/50/50 181/51/51 175/57/57
f 175/57/57 181/51/51 180/52/52 174/58/58
f 174/58/58 180/52/52 179/53/53 173/59/59
f 173/59/59 179/53/53 177/54/54 171/60/60
f 166/61/61 172/55/55 176/56/56 170/62/62
f 170/62/62 176/56/56 175/57/57 169/63/63
f 169/63/63 175/57/57 174/58/58 168/64/64
f 168/64/64 174/58/58 173/59/59 167/65/65
f 167/65/65 173/59/59 171/60/60 165/66/66
f 160/67/67 166/61/61 170/62/62 164/68/68
f 164/68/68 170/62/62 169/63/63 163/69/69
f 163/69/69 169/63/63 168/64/64 162/70/70
f 162/70/70 168/64/64 167/65/65 161/71/71
f 161/71/71 167/65/65 165/66/66 159/72/72
f 154/73/73 160/67/67 164/68/68 158/74/74
f 158/74/74 164/68/68 163/69/69 157/75/75
f 157/75/75 163/69/69 162/70/70 156/76/76
f 156/76/76 162/70/70 161/71/71 155/77/77
f 155/77/77 161/71/71 159/72/72 153/78/78
f 148/79/79 154/73/73 158/74/74 152/80/80
f 152/80/80 158/74/74 157/75/75 151/81/81
f 151/81/81 157/75/75 156/76/76 150/82/82
f 150/82/82 156/76/76 155/77/77 149/83/83
f 149/83/83 155/77/77 153/78/78 147/84/84
f 142/85/85 148/79/79 152/80/80 146/86/86
f 146/86/86 152/80/80 151/81/81 145/87/87
f 145/87/87 151/81/81 150/82/82 144/88/88
f 144/88/88 150/82/82 149/83/83 143/89/89
f 143/89/89 149/83/83 147/84/84 141/90/90
f 136/91/91 142/85/85 146/86/86 140/92/92
f 140/92/92 146/86/86 145/87/87 139/93/93
f 139/93/93 145/87/87 144/88/88 138/94/94
f 138/94/94 144/88/88 143/89/89 137/95/95
f 137/95/95 143/89/89 141/90/90 135/96/96
f 130/97/97 136/91/91 140/92/92 134/98/98
f 134/98/98 140/92/92 139/93/93 133/99/99
f 133/99/99 139/93/93 138/94/94 132/100/100
f 132/100/100 138/94/94 137/95/95 131/101/101
f 131/101/101 137/95/95 135/96/96 129/102/102
f 124/103/103 130/97/97 134/98/98 128/104/104
f 128/104/104 134/98/98 133/99/99 127/105/105
f 127/105/105 133/99/99 132/100/100 126/106/106
f 126/106/106 132/100/100 131/101/101 125/107/107
f 125/107/107 131/101/101 129/102/102 123/108/108
f 118/109/109 124/103/103 128/104/104 122/110/110
f 122/110/110 128/104/104 127/105/105 121/111/111
f 121/111/111 127/105/105 126/106/106 120/112/112
f 120/112/112 126/106/106 125/107/107 119/113/113
f 119/113/113 125/107/107 123/108/108 117/114/114
f 112/115/115 118/109/109 122/110/110 116/116/116
f 116/116/116 122/110/110 121/111/111 115/117/117
f 115/117/117 121/111/111 120/112/112 114/118/118
f 114/118/118 120/112/112 119/113/113 113/119/119
f 113/119/119 119/113/113 117/114/114 111/120/120
f 106/121/121 112/115/115 116/116/116 110/122/122
f 110/122/122 116/116/116 115/117/117 109/123/123
f 109/123/123 115/117/117 114/118/118 108/124/124
f 108/124/124 114/118/118 113/119/119 107/125/125
f 107/125/125 113/119/119 111/120/120 105/126/126
f 100/127/127 106/121/121 110/122/122 104/128/128
f 104/128/128 110/122/122 109/123/123 103/129/129
f 103/129/129 109/123/123 108/124/124 102/130/130
f 102/130/130 108/124/124 107/125/125 101/131/131
f 101/131/131 107/125/125 105/126/126 99/132/132
f 94/133/133 100/127/127 104/128/128 98/134/134
f 98/134/134 104/128/128 103/129/129 97/135/135
f 97/135/135 103/129/129 102/130/130 96/136/136
f 96/136/136 102/130/130 101/131/131 95/137/137
f 95/137/137 101/131/131 99/132/132 93/138/138
f 88/139/139 94/133/133 98/134/134 92/140/140
f 92/140/140 98/134/134 97/135/135 91/141/141
f 91/141/141 97/135/135 96/136/136 90/142/142
f 90/142/142 96/136/136 95/137/137 89/143/143
f 89/143/143 95/137/137 93/138/138 87/144/144
f 82/145/145 88/139/139 92/140/140 86/146/146
f 86/146/146 92/140/140 91/141/141 85/147/147
f 85/147/147 91/141/141 90/142/142 84/148/148
f 84/148/148 90/142/142 89/143/143 83/149/149
f 83/149/149 89/143/143 87/144/144 81/150/150
f 76/151/151 82/145/145 86/146/146 80/152/152
f 80/152/152 86/146/146 85/147/147 79/153/153
f 79/153/153 85/147/147 84/148/148 78/154/154
f 78/154/154 84/148/148 83/149/149 77/155/155
f 77/155/155 83/149/149 81/150/150 75/156/156
f 70/157/157 76/151/151 80/152/152 74/158/158
f 74/158/158 80/152/152 79/153/153 73/159/159
f 73/159/159 79/153/153 78/154/154 72/160/160
f 72/160/160 78/154/154 77/155/155 71/161/161
f 71/161/161 77/155/155 75/156/156 69/162/162
f 64/163/163 70/157/157 74/158/158 68/164/164
f 68/164/164 74/158/158 73/159/159 67/165/165
f 67/165/165 73/159/159 72/160/160 66/166/166
f 66/166/166 72/160/160 71/161/161 65/167/167
f 65/167/167 71/161/161 69/162/162 63/168/168
f 58/169/169 64/163/163 68/164/164 62/170/170
f 62/170/170 68/164/164 67/165/165 61/171/171
f 61/171/171 67/165/165 66/166/166 60/172/172
f 60/172/172 66/166/166 65/167/167 59/173/173
f 59/173/173 65/167/167 63/168/168 57/174/174
f 52/175/175 58/169/169 62/170/170 56/176/176
f 56/176/176 62/170/170 61/171/171 55/177/177
f 55/177/177 61/171/171 60/172/172 54/178/178
f 54/178/178 60/172/172 59/173/173 53/179/179
f 53/179/179 59/173/173 57/174/174 51/180/180
f 46/181/181 52/175/175 56/176/176 50/182/182
f 50/182/182 56/176/176 55/177/177 49/183/183
f 49/183/183 55/177/177 54/178/178 48/184/184
f 48/184/184 54/178/178 53/179/179 47/185/185
f 47/185/185 53/179/179 51/180/180 45/186/186
f 40/187/187 46/181/181 50/182/182 44/188/188
f 44/188/188 50/182/182 49/183/183 43/189/189
f 43/189/189 49/183/183 48/184/184 42/190/190
f 42/190/190 48/184/184 47/185/185 41/191/191
f 41/191/191 47/185/185 45/186/186 39/192/192
f 33/193/2 40/187/187 44/188/188 35/194/3
f 35/194/3 44/188/188 43/189/189 36/195/5
f 36/195/5 43/189/189 42/190/190 37/196/7
f 37/196/7 42/190/190 41/191/191 38/197/9
f 38/197/9 41/191/191 39/192/192 34/198/11
f 1/199/193 34/200/11 39/201/192 2/202/194
f 32/203/195 219/204/12 34/205/11 1/206/193
f 2/202/194 39/201/192 45/207/186 3/208/196
f 3/208/196 45/207/186 51/209/180 4/210/197
f 4/210/197 51/209/180 57/211/174 5/212/198
f 5/212/198 57/211/174 63/213/168 6/214/199
f 6/214/199 63/213/168 69/215/162 7/216/200
f 7/216/200 69/215/162 75/217/156 8/218/201
f 8/218/201 75/217/156 81/219/150 9/220/202
f 9/220/202 81/219/150 87/221/144 10/222/203
f 10/222/203 87/221/144 93/223/138 11/224/204
f 11/224/204 93/223/138 99/225/132 12/226/205
f 12/226/205 99/225/132 105/227/126 13/228/206
f 13/228/206 105/227/126 111/229/120 14/230/207
f 14/230/207 111/229/120 117/231/114 15/232/208
f 15/232/208 117/231/114 123/233/108 16/234/209
f 16/234/209 123/233/108 129/235/102 17/236/210
f 17/236/210 129/235/102 135/237/96 18/238/211
f 18/238/211 135/237/96 141/239/90 19/240/212
f 19/240/212 141/239/90 147/241/84 20/242/213
f 20/242/213 147/241/84 153/243/78 21/244/214
f 21/244/214 153/243/78 159/245/72 22/246/215
f 22/246/215 159/245/72 165/247/66 23/248/216
f 23/248/216 165/247/66 171/249/60 24/250/217
f 24/250/217 171/249/60 177/251/54 25/252/218
f 25/252/218 177/251/54 183/253/48 26/254/219
f 26/254/219 183/253/48 189/255/42 27/256/220
f 27/256/220 189/255/42 195/257/36 28/258/221
f 28/258/221 195/257/36 201/259/30 29/260/222
f 29/260/222 201/259/30 207/261/24 30/262/223
f 30/262/223 207/261/24 213/263/18 31/264/224
f 31/264/224 213/263/18 219/204/12 32/203/195
f 412/265/225 225/266/226 227/267/227 416/268/228
f 416/268/228 227/267/227 228/269/229 415/270/230
f 415/270/230 228/269/229 229/271/231 414/272/232
f 414/272/232 229/271/231 230/273/233 413/274/234
f 413/274/234 230/273/233 226/275/235 411/276/236
f 406/277/237 412/265/225 416/268/228 410/278/238
f 410/278/238 416/268/228 415/270/230 409/279/239
f 409/279/239 415/270/230 414/272/232 408/280/240
f 408/280/240 414/272/232 413/274/234 407/281/241
f 407/281/241 413/274/234 411/276/236 405/282/242
f 400/283/243 406/277/237 410/278/238 404/284/244
f 404/284/244 410/278/238 409/279/239 403/285/245
f 403/285/245 409/279/239 408/280/240 402/286/246
f 402/286/246 408/280/240 407/281/241 401/287/247
f 401/287/247 407/281/241 405/282/242 399/288/248
f 394/289/249 400/283/243 404/284/244 398/290/250
f 398/290/250 404/284/244 403/285/245 397/291/251
f 397/291/251 403/285/245 402/286/246 396/292/252
f 396/292/252 402/286/246 401/287/247 395/293/253
f 395/293/253 401/287/247 399/288/248 393/294/254
f 388/295/255 394/289/249 398/290/250 392/296/256
f 392/296/256 398/290/250 397/291/251 391/297/257
f 391/297/257 397/291/251 396/292/252 390/298/258
f 390/298/258 396/292/252 395/293/253 389/299/259
f 389/299/259 395/293/253 393/294/254 387/300/260
f 382/301/261 388/295/255 392/296/256 386/302/262
f 386/302/262 392/296/256 391/297/257 385/303/263
f 385/303/263 391/297/257 390/298/258 384/304/264
f 384/304/264 390/298/258 389/299/259 383/305/265
f 383/305/265 389/299/259 387/300/260 381/306/266
f 376/307/267 382/301/261 386/302/262 380/308/268
f 380/308/268 386/302/262 385/303/263 379/309/269
f 379/309/269 385/303/263 384/304/264 378/310/270
f 378/310/270 384/304/264 383/305/265 377/311/271
f 377/311/271 383/305/265 381/306/266 375/312/272
f 370/313/273 376/307/267 380/308/268 374/314/274
f 374/314/274 380/308/268 379/309/269 373/315/275
f 373/315/275 379/309/269 378/310/270 372/316/276
f 372/316/276 378/310/270 377/311/271 371/317/277
f 371/317/277 377/311/271 375/312/272 369/318/278
f 364/319/279 370/313/273 374/314/274 368/320/280
f 368/320/280 374/314/274 373/315/275 367/321/281
f 367/321/281 373/315/275 372/316/276 366/322/282
f 366/322/282 372/316/276 371/317/277 365/323/283
f 365/323/283 371/317/277 369/318/278 363/324/284
f 358/325/285 364/319/279 368/320/280 362/326/286
f 362/326/286 368/320/280 367/321/281 361/327/287
f 361/327/287 367/321/281 366/322/282 360/328/288
f 360/328/288 366/322/282 365/323/283 359/329/289
f 359/329/289 365/323/283 363/324/284 357/330/290
f 352/331/291 358/325/285 362/326/286 356/332/292
f 356/332/292 362/326/286 361/327/287 355/333/293
f 355/333/293 361/327/287 360/328/288 354/334/294
f 354/334/294 360/328/288 359/329/289 353/335/295
f 353/335/295 359/329/289 357/330/290 351/336/296
f 346/337/297 352/331/291 356/332/292 350/338/298
f 350/338/298 356/332/292 355/333/293 349/339/299
f 349/339/299 355/333/293 354/334/294 348/340/300
f 348/340/300 354/334/294 353/335/295 347/341/301
f 347/341/301 353/335/295 351/336/296 345/342/302
f 340/343/303 346/337/297 350/338/298 344/344/304
f 344/344/304 350/338/298 349/339/299 343/345/305
f 343/345/305 349/339/299 348/340/300 342/346/306
f 342/346/306 348/340/300 347/341/301 341/347/307
f 341/347/307 347/341/301 345/342/302 339/348/308
f 334/349/309 340/343/303 344/344/304 338/350/310
f 338/350/310 344/344/304 343/345/305 337/351/311
f 337/351/311 343/345/305 342/346/306 336/352/312
f 336/352/312 342/346/306 341/347/307 335/353/313
f 335/353/313 341/347/307 339/348/308 333/354/314
f 328/355/315 334/349/309 338/350/310 332/356/316
f 332/356/316 338/350/310 337/351/311 331/357/317
f 331/357/317 337/351/311 336/352/312 330/358/318
f 330/358/318 336/352/312 335/353/313 329/359/319
f 329/359/319 335/353/313 333/354/314 327/360/320
f 322/361/321 328/355/315 332/356/316 326/362/322
f 326/362/322 332/356/316 331/357/317 325/363/323
f 325/363/323 331/357/317 330/358/318 324/364/324
f 324/364/324 330/358/318 329/359/319 323/365/325
f 323/365/325 329/359/319 327/360/320 321/366/326
f 316/367/327 322/361/321 326/362/322 320/368/328
f 320/368/328 326/362/322 325/363/323 319/369/329
f 319/369/329 325/363/323 324/364/324 318/370/330
f 318/370/330 324/364/324 323/365/325 317/371/331
f 317/371/331 323/365/325 321/366/326 315/372/332
f 310/373/333 316/367/327 320/368/328 314/374/334
f 314/374/334 320/368/328 319/369/329 313/375/335
f 313/375/335 319/369/329 318/370/330 312/376/336
f 312/376/336 318/370/330 317/371/331 311/377/337
f 311/377/337 317/371/331 315/372/332 309/378/338
f 304/379/339 310/373/333 314/374/334 308/380/340
f 308/380/340 314/374/334 313/375/335 307/381/341
f 307/381/341 313/375/335 312/376/336 306/382/342
f 306/382/342 312/376/336 311/377/337 305/383/343
f 305/383/343 311/377/337 309/378/338 303/384/344
f 298/385/345 304/379/339 308/380/340 302/386/346
f 302/386/346 308/380/340 307/381/341 301/387/347
f 301/387/347 307/381/341 306/382/342 300/388/348
f 300/388/348 306/382/342 305/383/343 299/389/349
f 299/389/349 305/383/343 303/384/344 297/390/350
f 292/391/351 298/385/345 302/386/346 296/392/352
f 296/392/352 302/386/346 301/387/347 295/393/353
f 295/393/353 301/387/347 300/388/348 294/394/354
f 294/394/354 300/388/348 299/389/349 293/395/355
f 293/395/355 299/389/349 297/390/350 291/396/356
f 286/397/357 292/391/351 296/392/352 290/398/358
f 290/398/358 296/392/352 295/393/353 289/399/359
f 289/399/359 295/393/353 294/394/354 288/400/360
f 288/400/360 294/394/354 293/395/355 287/401/361
f 287/401/361 293/395/355 291/396/356 285/402/362
f 280/403/363 286/397/357 290/398/358 284/404/364
f 284/404/364 290/398/358 289/399/359 283/405/365
f 283/405/365 289/399/359 288/400/360 282/406/366
f 282/406/366 288/400/360 287/401/361 281/407/367
f 281/407/367 287/401/361 285/402/362 279/408/368
f 274/409/369 280/403/363 284/404/364 278/410/370
f 278/410/370 284/404/364 283/405/365 277/411/371
f 277/411/371 283/405/365 282/406/366 276/412/372
f 276/412/372 282/406/366 281/407/367 275/413/373
f 275/413/373 281/407/367 279/408/368 273/414/374
f 268/415/375 274/409/369 278/410/370 272/416/376
f 272/416/376 278/410/370 277/411/371 271/417/377
f 271/417/377 277/411/371 276/412/372 270/418/378
f 270/418/378 276/412/372 275/413/373 269/419/379
f 269/419/379 275/413/373 273/414/374 267/420/380
f 262/421/381 268/415/375 272/416/376 266/422/382
f 266/422/382 272/416/376 271/417/377 265/423/383
f 265/423/383 271/417/377 270/418/378 264/424/384
f 264/424/384 270/418/378 269/419/379 263/425/385
f 263/425/385 269/419/379 267/420/380 261/426/386
f 256/427/387 262/421/381 266/422/382 260/428/388
f 260/428/388 266/422/382 265/423/383 259/429/389
f 259/429/389 265/423/383 264/424/384 258/430/390
f 258/430/390 264/424/384 263/425/385 257/431/391
f 257/431/391 263/425/385 261/426/386 255/432/392
f 250/433/393 256/427/387 260/428/388 254/434/394
f 254/434/394 260/428/388 259/429/389 253/435/395
f 253/435/395 259/429/389 258/430/390 252/436/396
f 252/436/396 258/430/390 257/431/391 251/437/397
f 251/437/397 257/431/391 255/432/392 249/438/398
f 244/439/399 250/433/393 254/434/394 248/440/400
f 248/440/400 254/434/394 253/435/395 247/441/401
f 247/441/401 253/435/395 252/436/396 246/442/402
f 246/442/402 252/436/396 251/437/397 245/443/403
f 245/443/403 251/437/397 249/438/398 243/444/404
f 238/445/405 244/439/399 248/440/400 242/446/406
f 242/446/406 248/440/400 247/441/401 241/447/407
f 241/447/407 247/441/401 246/442/402 240/448/408
f 240/448/408 246/442/402 245/443/403 239/449/409
f 239/449/409 245/443/403 243/444/404 237/450/410
f 232/451/411 238/445/405 242/446/406 236/452/412
f 236/452/412 242/446/406 241/447/407 235/453/413
f 235/453/413 241/447/407 240/448/408 234/454/414
f 234/454/414 240/448/408 239/449/409 233/455/415
f 233/455/415 239/449/409 237/450/410 231/456/416
f 225/457/226 232/451/411 236/452/412 227/458/227
f 227/458/227 236/452/412 235/453/413 228/459/229
f 228/459/229 235/453/413 234/454/414 229/460/231
f 229/460/231 234/454/414 233/455/415 230/461/233
f 230/461/233 233/455/415 231/456/416 226/462/235
f 225/457/226 1/199/417 2/202/418 232/451/411
f 412/265/225 32/203/419 1/206/417 225/266/226
f 232/451/411 2/202/418 3/208/420 238/445/405
f 238/445/405 3/208/420 4/210/421 244/439/399
f 244/439/399 4/210/421 5/212/422 250/433/393
f 250/433/393 5/212/422 6/214/423 256/427/387
f 256/427/387 6/214/423 7/216/424 262/421/381
f 262/421/381 7/216/424 8/218/425 268/415/375
f 268/415/375 8/218/425 9/220/426 274/409/369
f 274/409/369 9/220/426 10/222/427 280/403/363
f 280/403/363 10/222/427 11/224/428 286/397/357
f 286/397/357 11/224/428 12/226/429 292/391/351
f 292/391/351 12/226/429 13/228/430 298/385/345
f 298/385/345 13/228/430 14/230/431 304/379/339
f 304/379/339 14/230/431 15/232/432 310/373/333
f 310/373/333 15/232/432 16/234/433 316/367/327
f 316/367/327 16/234/433 17/236/434 322/361/321
f 322/361/321 17/236/434 18/238/435 328/355/315
f 328/355/315 18/238/435 19/240/436 334/349/309
f 334/349/309 19/240/436 20/242/437 340/343/303
f 340/343/303 20/242/437 21/244/438 346/337/297
f 346/337/297 21/244/438 22/246/439 352/331/291
f 352/331/291 22/246/439 23/248/440 358/325/285
f 358/325/285 23/248/440 24/250/441 364/319/279
f 364/319/279 24/250/441 25/252/442 370/313/273
f 370/313/273 25/252/442 26/254/443 376/307/267
f 376/307/267 26/254/443 27/256/444 382/301/261
f 382/301/261 27/256/444 28/258/445 388/295/255
f 388/295/255 28/258/445 29/260/446 394/289/249
f 394/289/249 29/260/446 30/262/447 400/283/243
f 400/283/243 30/262/447 31/264/448 406/277/237
f 406/277/237 31/264/448 32/203/419 412/265/225
f 418/463/449 423/464/450 425/465/451 422/466/452
f 422/466/452 425/465/451 426/467/453 421/468/454
f 421/469/454 426/470/453 427/471/455 420/472/456
f 420/472/456 427/471/455 428/473/457 419/474/458
f 419/474/458 428/473/457 801/475/459 802/476/460
f 423/464/450 429/477/461 431/478/462 425/465/451
f 425/465/451 431/478/462 432/479/463 426/467/453
f 426/470/453 432/480/463 433/481/464 427/471/455
f 427/471/455 433/481/464 434/482/465 428/473/457
f 428/473/457 434/482/465 803/483/466 801/475/459
f 429/477/461 435/484/467 437/485/468 431/478/462
f 431/478/462 437/485/468 438/486/469 432/479/463
f 432/480/463 438/487/469 439/488/470 433/481/464
f 433/481/464 439/488/470 440/489/471 434/482/465
f 434/482/465 440/489/471 804/490/472 803/483/466
f 435/484/467 441/491/473 443/492/474 437/485/468
f 437/485/468 443/492/474 444/493/475 438/486/469
f 438/487/469 444/494/475 445/495/476 439/488/470
f 439/488/470 445/495/476 446/496/477 440/489/471
f 440/489/471 446/496/477 805/497/478 804/490/472
f 441/491/473 447/498/479 449/499/480 443/492/474
f 443/492/474 449/499/480 450/500/481 444/493/475
f 444/494/475 450/501/481 451/502/482 445/495/476
f 445/495/476 451/502/482 452/503/483 446/496/477
f 446/496/477 452/503/483 806/504/484 805/497/478
f 447/498/479 453/505/485 455/506/486 449/499/480
f 449/499/480 455/506/486 456/507/487 450/500/481
f 450/501/481 456/508/487 457/509/488 451/502/482
f 451/502/482 457/509/488 458/510/489 452/503/483
f 452/503/483 458/510/489 807/511/490 806/504/484
f 453/505/485 459/512/491 461/513/492 455/506/486
f 455/506/486 461/513/492 462/514/493 456/507/487
f 456/508/487 462/515/493 463/516/494 457/509/488
f 457/509/488 463/516/494 464/517/495 458/510/489
f 458/510/489 464/517/495 808/518/496 807/511/490
f 459/512/491 465/519/497 467/520/498 461/513/492
f 461/513/492 467/520/498 468/521/499 462/514/493
f 462/515/493 468/522/499 469/523/500 463/516/494
f 463/516/494 469/523/500 470/524/501 464/517/495
f 464/517/495 470/524/501 809/525/502 808/518/496
f 465/519/497 471/526/503 473/527/504 467/520/498
f 467/520/498 473/527/504 474/528/505 468/521/499
f 468/522/499 474/529/505 475/530/506 469/523/500
f 469/523/500 475/530/506 476/531/507 470/524/501
f 470/524/501 476/531/507 810/532/508 809/525/502
f 471/526/503 477/533/509 479/534/510 473/527/504
f 473/527/504 479/534/510 480/535/511 474/528/505
f 474/529/505 480/536/511 481/537/512 475/530/506
f 475/530/506 481/537/512 482/538/513 476/531/507
f 476/531/507 482/538/513 811/539/514 810/532/508
f 477/533/509 483/540/515 485/541/516 479/534/510
f 479/534/510 485/541/516 486/542/517 480/535/511
f 480/536/511 486/543/517 487/544/518 481/537/512
f 481/537/512 487/544/518 488/545/519 482/538/513
f 482/538/513 488/545/519 812/546/520 811/539/514
f 483/540/515 489/547/521 491/548/522 485/541/516
f 485/541/516 491/548/522 492/549/523 486/542/517
f 486/543/517 492/550/523 493/551/524 487/544/518
f 487/544/518 493/551/524 494/552/525 488/545/519
f 488/545/519 494/552/525 813/553/526 812/546/520
f 489/547/521 495/554/527 497/555/528 491/548/522
f 491/548/522 497/555/528 498/556/529 492/549/523
f 492/550/523 498/557/529 499/558/530 493/551/524
f 493/551/524 499/558/530 500/559/531 494/552/525
f 494/552/525 500/559/531 814/560/532 813/553/526
f 495/554/527 501/561/533 503/562/534 497/555/528
f 497/555/528 503/562/534 504/563/535 498/556/529
f 498/557/529 504/564/535 505/565/536 499/558/530
f 499/558/530 505/565/536 506/566/537 500/559/531
f 500/559/531 506/566/537 815/567/538 814/560/532
f 501/561/533 507/568/539 509/569/540 503/562/534
f 503/562/534 509/569/540 510/570/541 504/563/535
f 504/564/535 510/571/541 511/572/542 505/565/536
f 505/565/536 511/572/542 512/573/543 506/566/537
f 506/566/537 512/573/543 816/574/544 815/567/538
f 507/568/539 513/575/545 515/576/546 509/569/540
f 509/569/540 515/576/546 516/577/547 510/570/541
f 510/571/541 516/578/547 517/579/548 511/572/542
f 511/572/542 517/579/548 518/580/549 512/573/543
f 512/573/543 518/580/549 817/581/550 816/574/544
f 513/575/545 519/582/551 521/583/552 515/576/546
f 515/576/546 521/583/552 522/584/553 516/577/547
f 516/578/547 522/585/553 523/586/554 517/579/548
f 517/579/548 523/586/554 524/587/555 518/580/549
f 518/580/549 524/587/555 818/588/556 817/581/550
f 519/582/551 525/589/557 527/590/558 521/583/552
f 521/583/552 527/590/558 528/591/559 522/584/553
f 522/585/553 528/592/559 529/593/560 523/586/554
f 523/586/554 529/593/560 530/594/561 524/587/555
f 524/587/555 530/594/561 819/595/562 818/588/556
f 525/589/557 531/596/563 533/597/564 527/590/558
f 527/590/558 533/597/564 534/598/565 528/591/559
f 528/592/559 534/599/565 535/600/566 529/593/560
f 529/593/560 535/600/566 536/601/567 530/594/561
f 530/594/561 536/601/567 820/602/568 819/595/562
f 531/596/563 537/603/569 539/604/570 533/597/564
f 533/597/564 539/604/570 540/605/571 534/598/565
f 534/599/565 540/606/571 541/607/572 535/600/566
f 535/600/566 541/607/572 542/608/573 536/601/567
f 536/601/567 542/608/573 821/609/574 820/602/568
f 537/603/569 543/610/575 545/611/576 539/604/570
f 539/604/570 545/611/576 546/612/577 540/605/571
f 540/606/571 546/613/577 547/614/578 541/607/572
f 541/607/572 547/614/578 548/615/579 542/608/573
f 542/608/573 548/615/579 822/616/580 821/609/574
f 543/610/575 549/617/581 551/618/582 545/611/576
f 545/611/576 551/618/582 552/619/583 546/612/577
f 546/613/577 552/620/583 553/621/584 547/614/578
f 547/614/578 553/621/584 554/622/585 548/615/579
f 548/615/579 554/622/585 823/623/586 822/616/580
f 549/617/581 555/624/587 557/625/588 551/618/582
f 551/618/582 557/625/588 558/626/589 552/619/583
f 552/620/583 558/627/589 559/628/590 553/621/584
f 553/621/584 559/628/590 560/629/591 554/622/585
f 554/622/585 560/629/591 824/630/592 823/623/586
f 555/624/587 561/631/593 563/632/594 557/625/588
f 557/625/588 563/632/594 564/633/595 558/626/589
f 558/627/589 564/634/595 565/635/596 559/628/590
f 559/628/590 565/635/596 566/636/597 560/629/591
f 560/629/591 566/636/597 825/637/598 824/630/592
f 561/631/593 567/638/599 569/639/600 563/632/594
f 563/632/594 569/639/600 570/640/601 564/633/595
f 564/634/595 570/641/601 571/642/602 565/635/596
f 565/635/596 571/642/602 572/643/603 566/636/597
f 566/636/597 572/643/603 826/644/604 825/637/598
f 567/638/599 573/645/605 575/646/606 569/639/600
f 569/639/600 575/646/606 576/647/607 570/640/601
f 570/641/601 576/648/607 577/649/608 571/642/602
f 571/642/602 577/649/608 578/650/609 572/643/603
f 572/643/603 578/650/609 827/651/610 826/644/604
f 573/645/605 579/652/611 581/653/612 575/646/606
f 575/646/606 581/653/612 582/654/613 576/647/607
f 576/648/607 582/655/613 583/656/614 577/649/608
f 577/649/608 583/656/614 584/657/615 578/650/609
f 578/650/609 584/657/615 828/658/616 827/651/610
f 579/652/611 585/659/617 587/660/618 581/653/612
f 581/653/612 587/660/618 588/661/619 582/654/613
f 582/655/613 588/662/619 589/663/620 583/656/614
f 583/656/614 589/663/620 590/664/621 584/657/615
f 584/657/615 590/664/621 829/665/622 828/658/616
f 585/659/617 591/666/623 593/667/624 587/660/618
f 587/660/618 593/667/624 594/668/625 588/661/619
f 588/662/619 594/669/625 595/670/626 589/663/620
f 589/663/620 595/670/626 596/671/627 590/664/621
f 590/664/621 596/671/627 830/672/628 829/665/622
f 591/666/623 597/673/629 599/674/630 593/667/624
f 593/667/624 599/674/630 600/675/631 594/668/625
f 594/669/625 600/676/631 601/677/632 595/670/626
f 595/670/626 601/677/632 602/678/633 596/671/627
f 596/671/627 602/678/633 831/679/634 830/672/628
f 597/673/629 603/680/635 605/681/636 599/674/630
f 599/674/630 605/681/636 606/682/637 600/675/631
f 600/676/631 606/683/637 607/684/638 601/677/632
f 601/677/632 607/684/638 608/685/639 602/678/633
f 602/678/633 608/685/639 832/686/640 831/679/634
f 603/680/635 418/687/449 422/688/452 605/681/636
f 605/681/636 422/688/452 421/689/454 606/682/637
f 606/683/637 421/469/454 420/472/456 607/684/638
f 607/684/638 420/472/456 419/474/458 608/685/639
f 608/685/639 419/474/458 802/476/460 832/686/640
f 418/463/449 226/462/235 231/456/416 423/464/450
f 466/690/641 472/691/642 906/691/642 905/690/641
f 603/680/635 411/276/236 226/275/235 418/687/449
f 423/464/450 231/456/416 237/450/410 429/477/461
f 429/477/461 237/450/410 243/444/404 435/484/467
f 435/484/467 243/444/404 249/438/398 441/491/473
f 441/491/473 249/438/398 255/432/392 447/498/479
f 447/498/479 255/432/392 261/426/386 453/505/485
f 453/505/485 261/426/386 267/420/380 459/512/491
f 459/512/491 267/420/380 273/414/374 465/519/497
f 465/519/497 273/414/374 279/408/368 471/526/503
f 471/526/503 279/408/368 285/402/362 477/533/509
f 477/533/509 285/402/362 291/396/356 483/540/515
f 483/540/515 291/396/356 297/390/350 489/547/521
f 489/547/521 297/390/350 303/384/344 495/554/527
f 495/554/527 303/384/344 309/378/338 501/561/533
f 501/561/533 309/378/338 315/372/332 507/568/539
f 507/568/539 315/372/332 321/366/326 513/575/545
f 513/575/545 321/366/326 327/360/320 519/582/551
f 519/582/551 327/360/320 333/354/314 525/589/557
f 525/589/557 333/354/314 339/348/308 531/596/563
f 531/596/563 339/348/308 345/342/302 537/603/569
f 537/603/569 345/342/302 351/336/296 543/610/575
f 543/610/575 351/336/296 357/330/290 549/617/581
f 549/617/581 357/330/290 363/324/284 555/624/587
f 555/624/587 363/324/284 369/318/278 561/631/593
f 561/631/593 369/318/278 375/312/272 567/638/599
f 567/638/599 375/312/272 381/306/266 573/645/605
f 573/645/605 381/306/266 387/300/260 579/652/611
f 579/652/611 387/300/260 393/294/254 585/659/617
f 585/659/617 393/294/254 399/288/248 591/666/623
f 591/666/623 399/288/248 405/282/242 597/673/629
f 597/673/629 405/282/242 411/276/236 603/680/635
f 616/692/643 609/693/644 611/694/645 620/695/646
f 620/695/646 611/694/645 612/696/647 619/697/648
f 619/698/648 612/699/647 613/700/649 618/701/650
f 618/701/650 613/700/649 614/702/651 617/703/652
f 617/703/652 614/702/651 610/704/653 615/705/654
f 622/706/655 616/692/643 620/695/646 626/707/656
f 626/707/656 620/695/646 619/697/648 625/708/657
f 625/709/657 619/698/648 618/701/650 624/710/658
f 624/710/658 618/701/650 617/703/652 623/711/659
f 623/711/659 617/703/652 615/705/654 621/712/660
f 628/713/661 622/706/655 626/707/656 632/714/662
f 632/714/662 626/707/656 625/708/657 631/715/663
f 631/716/663 625/709/657 624/710/658 630/717/664
f 630/717/664 624/710/658 623/711/659 629/718/665
f 629/718/665 623/711/659 621/712/660 627/719/666
f 634/720/667 628/713/661 632/714/662 638/721/668
f 638/721/668 632/714/662 631/715/663 637/722/669
f 637/723/669 631/716/663 630/717/664 636/724/670
f 636/724/670 630/717/664 629/718/665 635/725/671
f 635/725/671 629/718/665 627/719/666 633/726/672
f 640/727/673 634/720/667 638/721/668 644/728/674
f 644/728/674 638/721/668 637/722/669 643/729/675
f 643/730/675 637/723/669 636/724/670 642/731/676
f 642/731/676 636/724/670 635/725/671 641/732/677
f 641/732/677 635/725/671 633/726/672 639/733/678
f 646/734/679 640/727/673 644/728/674 650/735/680
f 650/735/680 644/728/674 643/729/675 649/736/681
f 649/737/681 643/730/675 642/731/676 648/738/682
f 648/738/682 642/731/676 641/732/677 647/739/683
f 647/739/683 641/732/677 639/733/678 645/740/684
f 652/741/685 646/734/679 650/735/680 656/742/686
f 656/742/686 650/735/680 649/736/681 655/743/687
f 655/744/687 649/737/681 648/738/682 654/745/688
f 654/745/688 648/738/682 647/739/683 653/746/689
f 653/746/689 647/739/683 645/740/684 651/747/690
f 658/748/691 652/741/685 656/742/686 662/749/692
f 662/749/692 656/742/686 655/743/687 661/750/693
f 661/751/693 655/744/687 654/745/688 660/752/694
f 660/752/694 654/745/688 653/746/689 659/753/695
f 659/753/695 653/746/689 651/747/690 657/754/696
f 664/755/697 658/748/691 662/749/692 668/756/698
f 668/756/698 662/749/692 661/750/693 667/757/699
f 667/758/699 661/751/693 660/752/694 666/759/700
f 666/759/700 660/752/694 659/753/695 665/760/701
f 665/760/701 659/753/695 657/754/696 663/761/702
f 670/762/703 664/755/697 668/756/698 674/763/704
f 674/763/704 668/756/698 667/757/699 673/764/705
f 673/765/705 667/758/699 666/759/700 672/766/706
f 672/766/706 666/759/700 665/760/701 671/767/707
f 671/767/707 665/760/701 663/761/702 669/768/708
f 676/769/709 670/762/703 674/763/704 680/770/710
f 680/770/710 674/763/704 673/764/705 679/771/711
f 679/772/711 673/765/705 672/766/706 678/773/712
f 678/773/712 672/766/706 671/767/707 677/774/713
f 677/774/713 671/767/707 669/768/708 675/775/714
f 682/776/715 676/769/709 680/770/710 686/777/716
f 686/777/716 680/770/710 679/771/711 685/778/717
f 685/779/717 679/772/711 678/773/712 684/780/718
f 684/780/718 678/773/712 677/774/713 683/781/719
f 683/781/719 677/774/713 675/775/714 681/782/720
f 688/783/721 682/776/715 686/777/716 692/784/722
f 692/784/722 686/777/716 685/778/717 691/785/723
f 691/786/723 685/779/717 684/780/718 690/787/724
f 690/787/724 684/780/718 683/781/719 689/788/725
f 689/788/725 683/781/719 681/782/720 687/789/726
f 694/790/727 688/783/721 692/784/722 698/791/728
f 698/791/728 692/784/722 691/785/723 697/792/729
f 697/793/729 691/786/723 690/787/724 696/794/730
f 696/794/730 690/787/724 689/788/725 695/795/731
f 695/795/731 689/788/725 687/789/726 693/796/732
f 700/797/733 694/790/727 698/791/728 704/798/734
f 704/798/734 698/791/728 697/792/729 703/799/735
f 703/800/735 697/793/729 696/794/730 702/801/736
f 702/801/736 696/794/730 695/795/731 701/802/737
f 701/802/737 695/795/731 693/796/732 699/803/738
f 706/804/739 700/797/733 704/798/734 710/805/740
f 710/805/740 704/798/734 703/799/735 709/806/741
f 709/807/741 703/800/735 702/801/736 708/808/742
f 708/808/742 702/801/736 701/802/737 707/809/743
f 707/809/743 701/802/737 699/803/738 705/810/744
f 712/811/745 706/804/739 710/805/740 716/812/746
f 716/812/746 710/805/740 709/806/741 715/813/747
f 715/814/747 709/807/741 708/808/742 714/815/748
f 714/815/748 708/808/742 707/809/743 713/816/749
f 713/816/749 707/809/743 705/810/744 711/817/750
f 718/818/751 712/811/745 716/812/746 722/819/752
f 722/819/752 716/812/746 715/813/747 721/820/753
f 721/821/753 715/814/747 714/815/748 720/822/754
f 720/822/754 714/815/748 713/816/749 719/823/755
f 719/823/755 713/816/749 711/817/750 717/824/756
f 724/825/757 718/818/751 722/819/752 728/826/758
f 728/826/758 722/819/752 721/820/753 727/827/759
f 727/828/759 721/821/753 720/822/754 726/829/760
f 726/829/760 720/822/754 719/823/755 725/830/761
f 725/830/761 719/823/755 717/824/756 723/831/762
f 730/832/763 724/825/757 728/826/758 734/833/764
f 734/833/764 728/826/758 727/827/759 733/834/765
f 733/835/765 727/828/759 726/829/760 732/836/766
f 732/836/766 726/829/760 725/830/761 731/837/767
f 731/837/767 725/830/761 723/831/762 729/838/768
f 736/839/769 730/832/763 734/833/764 740/840/770
f 740/840/770 734/833/764 733/834/765 739/841/771
f 739/842/771 733/835/765 732/836/766 738/843/772
f 738/843/772 732/836/766 731/837/767 737/844/773
f 737/844/773 731/837/767 729/838/768 735/845/774
f 742/846/775 736/839/769 740/840/770 746/847/776
f 746/847/776 740/840/770 739/841/771 745/848/777
f 745/849/777 739/842/771 738/843/772 744/850/778
f 744/850/778 738/843/772 737/844/773 743/851/779
f 743/851/779 737/844/773 735/845/774 741/852/780
f 748/853/781 742/846/775 746/847/776 752/854/782
f 752/854/782 746/847/776 745/848/777 751/855/783
f 751/856/783 745/849/777 744/850/778 750/857/784
f 750/857/784 744/850/778 743/851/779 749/858/785
f 749/858/785 743/851/779 741/852/780 747/859/786
f 754/860/787 748/853/781 752/854/782 758/861/788
f 758/861/788 752/854/782 751/855/783 757/862/789
f 757/863/789 751/856/783 750/857/784 756/864/790
f 756/864/790 750/857/784 749/858/785 755/865/791
f 755/865/791 749/858/785 747/859/786 753/866/792
f 760/867/793 754/860/787 758/861/788 764/868/794
f 764/868/794 758/861/788 757/862/789 763/869/795
f 763/870/795 757/863/789 756/864/790 762/871/796
f 762/871/796 756/864/790 755/865/791 761/872/797
f 761/872/797 755/865/791 753/866/792 759/873/798
f 766/874/799 760/867/793 764/868/794 770/875/800
f 770/875/800 764/868/794 763/869/795 769/876/801
f 769/877/801 763/870/795 762/871/796 768/878/802
f 768/878/802 762/871/796 761/872/797 767/879/803
f 767/879/803 761/872/797 759/873/798 765/880/804
f 772/881/805 766/874/799 770/875/800 776/882/806
f 776/882/806 770/875/800 769/876/801 775/883/807
f 775/884/807 769/877/801 768/878/802 774/885/808
f 774/885/808 768/878/802 767/879/803 773/886/809
f 773/886/809 767/879/803 765/880/804 771/887/810
f 778/888/811 772/881/805 776/882/806 782/889/812
f 782/889/812 776/882/806 775/883/807 781/890/813
f 781/891/813 775/884/807 774/885/808 780/892/814
f 780/892/814 774/885/808 773/886/809 779/893/815
f 779/893/815 773/886/809 771/887/810 777/894/816
f 784/895/817 778/888/811 782/889/812 788/896/818
f 788/896/818 782/889/812 781/890/813 787/897/819
f 787/898/819 781/891/813 780/892/814 786/899/820
f 786/899/820 780/892/814 779/893/815 785/900/821
f 785/900/821 779/893/815 777/894/816 783/901/822
f 790/902/823 784/895/817 788/896/818 794/903/824
f 794/903/824 788/896/818 787/897/819 793/904/825
f 793/905/825 787/898/819 786/899/820 792/906/826
f 792/906/826 786/899/820 785/900/821 791/907/827
f 791/907/827 785/900/821 783/901/822 789/908/828
f 796/909/829 790/902/823 794/903/824 800/910/830
f 800/910/830 794/903/824 793/904/825 799/911/831
f 799/912/831 793/905/825 792/906/826 798/913/832
f 798/913/832 792/906/826 791/907/827 797/914/833
f 797/914/833 791/907/827 789/908/828 795/915/834
f 609/916/644 796/909/829 800/910/830 611/917/645
f 611/917/645 800/910/830 799/911/831 612/918/647
f 612/699/647 799/912/831 798/913/832 613/700/649
f 613/700/649 798/913/832 797/914/833 614/702/651
f 614/702/651 797/914/833 795/915/834 610/704/653
f 33/919/2 609/920/644 616/921/643 40/922/187
f 615/705/654 610/704/653 795/915/834 789/908/828 783/901/822 777/894/816 771/887/810 765/880/804 759/873/798 753/866/792 747/859/786 741/852/780 735/845/774 729/838/768 723/831/762 717/824/756 711/817/750 705/810/744 699/803/738 693/796/732 687/789/726 681/782/720 675/775/714 669/768/708 663/761/702 657/754/696 651/747/690 645/740/684 639/733/678 633/726/672 627/719/666 621/712/660
f 220/923/1 796/924/829 609/925/644 33/926/2
f 40/922/187 616/921/643 622/927/655 46/928/181
f 46/928/181 622/927/655 628/929/661 52/930/175
f 52/930/175 628/929/661 634/931/667 58/932/169
f 58/932/169 634/931/667 640/933/673 64/934/163
f 64/934/163 640/933/673 646/935/679 70/936/157
f 70/936/157 646/935/679 652/937/685 76/938/151
f 76/938/151 652/937/685 658/939/691 82/940/145
f 82/940/145 658/939/691 664/941/697 88/942/139
f 88/942/139 664/941/697 670/943/703 94/944/133
f 94/944/133 670/943/703 676/945/709 100/946/127
f 100/946/127 676/945/709 682/947/715 106/948/121
f 106/948/121 682/947/715 688/949/721 112/950/115
f 112/950/115 688/949/721 694/951/727 118/952/109
f 118/952/109 694/951/727 700/953/733 124/954/103
f 124/954/103 700/953/733 706/955/739 130/956/97
f 130/956/97 706/955/739 712/957/745 136/958/91
f 136/958/91 712/957/745 718/959/751 142/960/85
f 142/960/85 718/959/751 724/961/757 148/962/79
f 148/962/79 724/961/757 730/963/763 154/964/73
f 154/964/73 730/963/763 736/965/769 160/966/67
f 160/966/67 736/965/769 742/967/775 166/968/61
f 166/968/61 742/967/775 748/969/781 172/970/55
f 172/970/55 748/969/781 754/971/787 178/972/49
f 178/972/49 754/971/787 760/973/793 184/974/43
f 184/974/43 760/973/793 766/975/799 190/976/37
f 190/976/37 766/975/799 772/977/805 196/978/31
f 196/978/31 772/977/805 778/979/811 202/980/25
f 202/980/25 778/979/811 784/981/817 208/982/19
f 208/982/19 784/981/817 790/983/823 214/984/13
f 214/984/13 790/983/823 796/924/829 220/923/1
f 833/985/835 834/986/836 802/987/836 801/988/835
f 835/989/837 833/985/835 801/988/835 803/990/837
f 836/991/838 835/989/837 803/990/837 804/992/838
f 837/993/839 836/991/838 804/992/838 805/994/839
f 838/995/840 837/993/839 805/994/839 806/996/840
f 839/997/841 838/995/840 806/996/840 807/998/841
f 840/999/842 839/997/841 807/998/841 808/1000/842
f 841/1001/843 840/999/842 808/1000/842 809/1002/843
f 842/1003/844 841/1001/843 809/1002/843 810/1004/844
f 843/1005/845 842/1003/844 810/1004/844 811/1006/845
f 844/1007/846 843/1005/845 811/1006/845 812/1008/846
f 845/1009/847 844/1007/846 812/1008/846 813/1010/847
f 846/1011/848 845/1009/847 813/1010/847 814/1012/848
f 847/1013/849 846/1011/848 814/1012/848 815/1014/849
f 848/1015/850 847/1013/849 815/1014/849 816/1016/850
f 849/1017/851 848/1015/850 816/1016/850 817/1018/851
f 850/1019/852 849/1017/851 817/1018/851 818/1020/852
f 851/1021/853 850/1019/852 818/1020/852 819/1022/853
f 852/1023/854 851/1021/853 819/1022/853 820/1024/854
f 853/1025/855 852/1023/854 820/1024/854 821/1026/855
f 854/1027/856 853/1025/855 821/1026/855 822/1028/856
f 855/1029/857 854/1027/856 822/1028/856 823/1030/857
f 856/1031/858 855/1029/857 823/1030/857 824/1032/858
f 857/1033/859 856/1031/858 824/1032/858 825/1034/859
f 858/1035/860 857/1033/859 825/1034/859 826/1036/860
f 859/1037/861 858/1035/860 826/1036/860 827/1038/861
f 860/1039/862 859/1037/861 827/1038/861 828/1040/862
f 861/1041/863 860/1039/862 828/1040/862 829/1042/863
f 862/1043/864 861/1041/863 829/1042/863 830/1044/864
f 863/1045/865 862/1043/864 830/1044/864 831/1046/865
f 864/1047/866 863/1045/865 831/1046/865 832/1048/866
f 834/986/836 864/1047/866 832/1048/866 802/987/836
f 424/1049/867 417/1050/867 834/1051/867 833/1052/867
f 430/1053/867 424/1049/867 833/1052/867 835/1054/867
f 436/1055/867 430/1053/867 835/1054/867 836/1056/867
f 442/1057/867 436/1055/867 836/1056/867 837/1058/867
f 448/1059/867 442/1057/867 837/1058/867 838/1060/867
f 454/1061/867 448/1059/867 838/1060/867 839/1062/867
f 460/1063/867 454/1061/867 839/1062/867 840/1064/867
f 466/1065/867 460/1063/867 840/1064/867 841/1066/867
f 472/1067/867 466/1065/867 841/1066/867 842/1068/867
f 478/1069/867 472/1067/867 842/1068/867 843/1070/867
f 484/1071/867 478/1069/867 843/1070/867 844/1072/867
f 490/1073/867 484/1071/867 844/1072/867 845/1074/867
f 496/1075/867 490/1073/867 845/1074/867 846/1076/867
f 502/1077/867 496/1075/867 846/1076/867 847/1078/867
f 508/1079/867 502/1077/867 847/1078/867 848/1080/867
f 514/1081/867 508/1079/867 848/1080/867 849/1082/867
f 520/1083/867 514/1081/867 849/1082/867 850/1084/867
f 526/1085/867 520/1083/867 850/1084/867 851/1086/867
f 532/1087/867 526/1085/867 851/1086/867 852/1088/867
f 538/1089/867 532/1087/867 852/1088/867 853/1090/867
f 544/1091/867 538/1089/867 853/1090/867 854/1092/867
f 550/1093/867 544/1091/867 854/1092/867 855/1094/867
f 556/1095/867 550/1093/867 855/1094/867 856/1096/867
f 562/1097/867 556/1095/867 856/1096/867 857/1098/867
f 568/1099/867 562/1097/867 857/1098/867 858/1100/867
f 574/1101/867 568/1099/867 858/1100/867 859/1102/867
f 580/1103/867 574/1101/867 859/1102/867 860/1104/867
f 586/1105/867 580/1103/867 860/1104/867 861/1106/867
f 592/1107/867 586/1105/867 861/1106/867 862/1108/867
f 598/1109/867 592/1107/867 862/1108/867 863/1110/867
f 604/1111/867 598/1109/867 863/1110/867 864/1112/867
f 417/1050/867 604/1111/867 864/1112/867 834/1051/867
f 878/1113/868 879/1114/869 943/1114/869 942/1113/868
f 448/1115/870 454/1116/871 903/1116/871 902/1115/870
f 550/1117/872 556/1118/873 920/1118/873 919/1117/872
f 472/691/642 478/1119/874 907/1119/874 906/691/642
f 556/1118/873 562/1120/875 921/1120/875 920/1118/873
f 478/1119/874 484/1121/876 908/1121/876 907/1119/874
f 562/1120/875 568/1122/877 922/1122/877 921/1120/875
f 484/1121/876 490/1123/878 909/1123/878 908/1121/876
f 568/1122/877 574/1124/879 923/1124/879 922/1122/877
f 490/1123/878 496/1125/880 910/1125/880 909/1123/878
f 574/1124/879 580/1126/881 924/1126/881 923/1124/879
f 496/1125/880 502/1127/882 911/1127/882 910/1125/880
f 580/1126/881 586/1128/883 925/1128/883 924/1126/881
f 502/1127/882 508/1129/884 912/1129/884 911/1127/882
f 586/1128/883 592/1130/885 926/1130/885 925/1128/883
f 508/1129/884 514/1131/886 913/1131/886 912/1129/884
f 592/1130/885 598/1132/887 927/1132/887 926/1130/885
f 514/1131/886 520/1133/888 914/1133/888 913/1131/886
f 598/1132/887 604/1134/889 928/1134/889 927/1132/887
f 417/1135/890 424/1136/891 897/1136/891 898/1135/890
f 520/1133/888 526/1137/892 915/1137/892 914/1133/888
f 604/1134/889 417/1135/890 898/1135/890 928/1134/889
f 424/1136/891 430/1138/893 899/1138/893 897/1136/891
f 526/1137/892 532/1139/894 916/1139/894 915/1137/892
f 430/1138/893 436/1140/895 900/1140/895 899/1138/893
f 532/1139/894 538/1141/896 917/1141/896 916/1139/894
f 454/1116/871 460/1142/897 904/1142/897 903/1116/871
f 436/1140/895 442/1143/898 901/1143/898 900/1140/895
f 538/1141/896 544/1144/899 918/1144/899 917/1141/896
f 460/1142/897 466/690/641 905/690/641 904/1142/897
f 442/1143/898 448/1115/870 902/1115/870 901/1143/898
f 544/1144/899 550/1117/872 919/1117/872 918/1144/899
f 865/1145/867 866/1146/867 898/1135/867 897/1136/867
f 867/1147/867 865/1145/867 897/1136/867 899/1138/867
f 868/1148/867 867/1147/867 899/1138/867 900/1140/867
f 869/1149/867 868/1148/867 900/1140/867 901/1143/867
f 870/1150/867 869/1149/867 901/1143/867 902/1115/867
f 871/1151/867 870/1150/867 902/1115/867 903/1116/867
f 872/1152/867 871/1151/867 903/1116/867 904/1142/867
f 873/1153/867 872/1152/867 904/1142/867 905/690/867
f 874/1154/867 873/1153/867 905/690/867 906/691/867
f 875/1155/867 874/1154/867 906/691/867 907/1119/867
f 876/1156/867 875/1155/867 907/1119/867 908/1121/867
f 877/1157/867 876/1156/867 908/1121/867 909/1123/867
f 878/1113/867 877/1157/867 909/1123/867 910/1125/867
f 879/1114/867 878/1113/867 910/1125/867 911/1127/867
f 880/1158/867 879/1114/867 911/1127/867 912/1129/867
f 881/1159/867 880/1158/867 912/1129/867 913/1131/867
f 882/1160/867 881/1159/867 913/1131/867 914/1133/867
f 883/1161/867 882/1160/867 914/1133/867 915/1137/867
f 884/1162/867 883/1161/867 915/1137/867 916/1139/867
f 885/1163/867 884/1162/867 916/1139/867 917/1141/867
f 886/1164/867 885/1163/867 917/1141/867 918/1144/867
f 887/1165/867 886/1164/867 918/1144/867 919/1117/867
f 888/1166/867 887/1165/867 919/1117/867 920/1118/867
f 889/1167/867 888/1166/867 920/1118/867 921/1120/867
f 890/1168/867 889/1167/867 921/1120/867 922/1122/867
f 891/1169/867 890/1168/867 922/1122/867 923/1124/867
f 892/1170/867 891/1169/867 923/1124/867 924/1126/867
f 893/1171/867 892/1170/867 924/1126/867 925/1128/867
f 894/1172/867 893/1171/867 925/1128/867 926/1130/867
f 895/1173/867 894/1172/867 926/1130/867 927/1132/867
f 896/1174/867 895/1173/867 927/1132/867 928/1134/867
f 866/1146/867 896/1174/867 928/1134/867 898/1135/867
f 930/1146/867 929/1145/867 931/1147/867 932/1148/867 933/1149/867 934/1150/867 935/1151/867 936/1152/867 937/1153/867 938/1154/867 939/1155/867 940/1156/867 941/1157/867 942/1113/867 943/1114/867 944/1158/867 945/1159/867 946/1160/867 947/1161/867 948/1162/867 949/1163/867 950/1164/867 951/1165/867 952/1166/867 953/1167/867 954/1168/867 955/1169/867 956/1170/867 957/1171/867 958/1172/867 959/1173/867 960/1174/867
f 866/1146/900 865/1145/901 929/1145/901 930/1146/900
f 892/1170/902 893/1171/903 957/1171/903 956/1170/902
f 879/1114/869 880/1158/904 944/1158/904 943/1114/869
f 865/1145/901 867/1147/905 931/1147/905 929/1145/901
f 893/1171/903 894/1172/906 958/1172/906 957/1171/903
f 880/1158/904 881/1159/907 945/1159/907 944/1158/904
f 867/1147/905 868/1148/908 932/1148/908 931/1147/905
f 894/1172/906 895/1173/909 959/1173/909 958/1172/906
f 881/1159/907 882/1160/910 946/1160/910 945/1159/907
f 868/1148/908 869/1149/911 933/1149/911 932/1148/908
f 895/1173/909 896/1174/912 960/1174/912 959/1173/909
f 882/1160/910 883/1161/913 947/1161/913 946/1160/910
f 869/1149/911 870/1150/914 934/1150/914 933/1149/911
f 896/1174/912 866/1146/900 930/1146/900 960/1174/912
f 883/1161/913 884/1162/915 948/1162/915 947/1161/913
f 870/1150/914 871/1151/916 935/1151/916 934/1150/914
f 884/1162/915 885/1163/917 949/1163/917 948/1162/915
f 871/1151/916 872/1152/918 936/1152/918 935/1151/916
f 885/1163/917 886/1164/919 950/1164/919 949/1163/917
f 872/1152/918 873/1153/920 937/1153/920 936/1152/918
f 886/1164/919 887/1165/921 951/1165/921 950/1164/919
f 873/1153/920 874/1154/922 938/1154/922 937/1153/920
f 887/1165/921 888/1166/923 952/1166/923 951/1165/921
f 874/1154/922 875/1155/924 939/1155/924 938/1154/922
f 888/1166/923 889/1167/925 953/1167/925 952/1166/923
f 875/1155/924 876/1156/926 940/1156/926 939/1155/924
f 889/1167/925 890/1168/927 954/1168/927 953/1167/925
f 876/1156/926 877/1157/928 941/1157/928 940/1156/926
f 890/1168/927 891/1169/929 955/1169/929 954/1168/927
f 877/1157/928 878/1113/868 942/1113/868 941/1157/928
f 891/1169/929 892/1170/902 956/1170/902 955/1169/929
o Cube
v -0.001374 0.091860 0.148297
v -0.004073 0.089159 0.147050
v -0.001374 0.086626 0.060992
v -0.003965 0.084088 0.062476
v 0.004073 0.089159 0.147050
v 0.001374 0.091860 0.148297
v 0.001374 0.086626 0.060992
v 0.003965 0.084088 0.062476
v 0.000000 0.034928 0.030362
v 0.000000 0.050881 0.117005
v 0.000000 0.049092 0.105142
v 0.000000 0.050793 0.114847
v 0.000000 0.050539 0.112333
v 0.000000 0.050143 0.109709
v 0.000000 0.049645 0.107231
v 0.000000 0.050881 0.126020
v 0.000000 0.050639 0.127538
v 0.000000 0.049938 0.128907
v -0.000784 0.035699 0.028132
v -0.003287 0.034613 0.030339
v -0.003467 0.034624 0.030560
v -0.003313 0.034602 0.030362
v 0.000784 0.035699 0.028132
v 0.001018 0.035595 0.028346
v 0.003467 0.034624 0.030560
v 0.003307 0.034603 0.030362
v -0.000774 0.049862 0.128907
v -0.005195 0.049510 0.128744
v 0.000774 0.049862 0.128907
v 0.000000 0.049914 0.128931
v 0.005195 0.049510 0.128744
v -0.003488 0.036269 0.039254
v -0.005092 0.050379 0.126020
v -0.004866 0.050401 0.117005
v -0.005140 0.050133 0.127538
v -0.004816 0.050319 0.114847
v -0.004763 0.050070 0.112333
v -0.004641 0.048635 0.105142
v -0.004713 0.049679 0.109709
v -0.004671 0.049185 0.107231
v 0.000000 0.035761 0.028172
v 0.005160 0.047869 0.101370
v 0.005161 0.050372 0.126020
v 0.005133 0.050375 0.117005
v 0.005173 0.050130 0.127538
v 0.005129 0.050288 0.114847
v 0.005150 0.048585 0.105142
v 0.005140 0.049138 0.107231
v 0.005129 0.050034 0.112333
v 0.005133 0.049638 0.109709
v 0.091860 0.001374 0.148297
v 0.089159 0.004073 0.147050
v 0.086626 0.001374 0.060992
v 0.084088 0.003965 0.062476
v 0.089159 -0.004073 0.147050
v 0.091860 -0.001374 0.148297
v 0.086626 -0.001374 0.060992
v 0.084088 -0.003965 0.062476
v 0.034928 0.000000 0.030362
v 0.050881 0.000000 0.117005
v 0.049092 0.000000 0.105142
v 0.050793 0.000000 0.114847
v 0.050539 0.000000 0.112333
v 0.050143 0.000000 0.109709
v 0.049645 0.000000 0.107231
v 0.050881 0.000000 0.126020
v 0.050639 0.000000 0.127538
v 0.049938 0.000000 0.128907
v 0.035699 0.000784 0.028132
v 0.034613 0.003287 0.030339
v 0.034624 0.003467 0.030560
v 0.034602 0.003313 0.030362
v 0.035699 -0.000784 0.028132
v 0.035595 -0.001018 0.028346
v 0.034624 -0.003467 0.030560
v 0.034603 -0.003307 0.030362
v 0.049862 0.000774 0.128907
v 0.049510 0.005195 0.128744
v 0.049862 -0.000774 0.128907
v 0.049914 0.000000 0.128931
v 0.049510 -0.005195 0.128744
v 0.036269 0.003488 0.039254
v 0.050379 0.005092 0.126020
v 0.050401 0.004866 0.117005
v 0.050133 0.005140 0.127538
v 0.050319 0.004816 0.114847
v 0.050070 0.004763 0.112333
v 0.048635 0.004641 0.105142
v 0.049679 0.004713 0.109709
v 0.049185 0.004671 0.107231
v 0.035761 0.000000 0.028172
v 0.047869 -0.005160 0.101370
v 0.050372 -0.005161 0.126020
v 0.050375 -0.005133 0.117005
v 0.050130 -0.005173 0.127538
v 0.050288 -0.005129 0.114847
v 0.048585 -0.005150 0.105142
v 0.049138 -0.005140 0.107231
v 0.050034 -0.005129 0.112333
v 0.049638 -0.005133 0.109709
v 0.001374 -0.091860 0.148297
v 0.004073 -0.089159 0.147050
v 0.001374 -0.086626 0.060992
v 0.003965 -0.084088 0.062476
v -0.004073 -0.089159 0.147050
v -0.001374 -0.091860 0.148297
v -0.001374 -0.086626 0.060992
v -0.003965 -0.084088 0.062476
v -0.000000 -0.034928 0.030362
v -0.000000 -0.050881 0.117005
v -0.000000 -0.049092 0.105142
v -0.000000 -0.050793 0.114847
v -0.000000 -0.050539 0.112333
v -0.000000 -0.050143 0.109709
v -0.000000 -0.049645 0.107231
v -0.000000 -0.050881 0.126020
v -0.000000 -0.050639 0.127538
v -0.000000 -0.049938 0.128907
v 0.000784 -0.035699 0.028132
v 0.003287 -0.034613 0.030339
v 0.003467 -0.034624 0.030560
v 0.003313 -0.034602 0.030362
v -0.000784 -0.035699 0.028132
v -0.001018 -0.035595 0.028346
v -0.003467 -0.034624 0.030560
v -0.003307 -0.034603 0.030362
v 0.000774 -0.049862 0.128907
v 0.005195 -0.049510 0.128744
v -0.000774 -0.049862 0.128907
v -0.000000 -0.049914 0.128931
v -0.005195 -0.049510 0.128744
v 0.003488 -0.036269 0.039254
v 0.005092 -0.050379 0.126020
v 0.004866 -0.050401 0.117005
v 0.005140 -0.050133 0.127538
v 0.004816 -0.050319 0.114847
v 0.004763 -0.050070 0.112333
v 0.004641 -0.048635 0.105142
v 0.004713 -0.049679 0.109709
v 0.004671 -0.049185 0.107231
v -0.000000 -0.035761 0.028172
v -0.005160 -0.047869 0.101370
v -0.005161 -0.050372 0.126020
v -0.005133 -0.050375 0.117005
v -0.005173 -0.050130 0.127538
v -0.005129 -0.050288 0.114847
v -0.005150 -0.048585 0.105142
v -0.005140 -0.049138 0.107231
v -0.005129 -0.050034 0.112333
v -0.005133 -0.049638 0.109709
v -0.091860 -0.001374 0.148297
v -0.089159 -0.004073 0.147050
v -0.086626 -0.001374 0.060992
v -0.084088 -0.003965 0.062476
v -0.089159 0.004073 0.147050
v -0.091860 0.001374 0.148297
v -0.086626 0.001374 0.060992
v -0.084088 0.003965 0.062476
v -0.034928 0.000000 0.030362
v -0.050881 0.000000 0.117005
v -0.049092 0.000000 0.105142
v -0.050793 0.000000 0.114847
v -0.050539 0.000000 0.112333
v -0.050143 0.000000 0.109709
v -0.049645 0.000000 0.107231
v -0.050881 0.000000 0.126020
v -0.050639 0.000000 0.127538
v -0.049938 0.000000 0.128907
v -0.035699 -0.000784 0.028132
v -0.034613 -0.003287 0.030339
v -0.034624 -0.003467 0.030560
v -0.034602 -0.003313 0.030362
v -0.035699 0.000784 0.028132
v -0.035595 0.001018 0.028346
v -0.034624 0.003467 0.030560
v -0.034603 0.003307 0.030362
v -0.049862 -0.000774 0.128907
v -0.049510 -0.005195 0.128744
v -0.049862 0.000774 0.128907
v -0.049914 0.000000 0.128931
v -0.049510 0.005195 0.128744
v -0.036269 -0.003488 0.039254
v -0.050379 -0.005092 0.126020
v -0.050401 -0.004866 0.117005
v -0.050133 -0.005140 0.127538
v -0.050319 -0.004816 0.114847
v -0.050070 -0.004763 0.112333
v -0.048635 -0.004641 0.105142
v -0.049679 -0.004713 0.109709
v -0.049185 -0.004671 0.107231
v -0.035761 0.000000 0.028172
v -0.047869 0.005160 0.101370
v -0.050372 0.005161 0.126020
v -0.050375 0.005133 0.117005
v -0.050130 0.005173 0.127538
v -0.050288 0.005129 0.114847
v -0.048585 0.005150 0.105142
v -0.049138 0.005140 0.107231
v -0.050034 0.005129 0.112333
v -0.049638 0.005133 0.109709
vn -0.7040 0.7089 -0.0429
vn -0.7046 0.3794 -0.5997
vn 0.7046 0.3793 -0.5998
vn 0.7040 0.7089 -0.0429
vn -0.0000 -0.4192 0.9079
vn -0.9999 0.0108 -0.0107
vn -0.0000 0.9982 -0.0598
vn -0.0000 0.5422 -0.8403
vn 0.9997 0.0198 -0.0123
vn -0.0917 -0.9307 -0.3540
vn 0.0917 -0.9307 -0.3540
vn 0.0948 -0.9624 0.2547
vn 0.0961 -0.9758 0.1964
vn 0.0969 -0.9842 0.1484
vn 0.0975 -0.9902 0.1001
vn 0.0979 -0.9944 0.0403
vn -0.0948 -0.9624 0.2547
vn -0.0961 -0.9758 0.1964
vn -0.0969 -0.9842 0.1484
vn -0.0975 -0.9902 0.1001
vn -0.0979 -0.9944 0.0403
vn -0.0963 -0.9780 0.1852
vn 0.0963 -0.9780 0.1852
vn -0.0968 -0.9829 -0.1564
vn -0.0873 -0.8867 -0.4540
vn -0.0693 -0.7038 -0.7070
vn 0.0968 -0.9829 -0.1564
vn 0.0873 -0.8867 -0.4540
vn 0.0693 -0.7038 -0.7070
vn -0.0980 -0.9952 -0.0000
vn 0.0980 -0.9952 -0.0000
vn 0.7089 0.7040 -0.0429
vn 0.3794 0.7046 -0.5997
vn 0.3793 -0.7046 -0.5998
vn 0.7089 -0.7040 -0.0429
vn -0.4192 -0.0000 0.9079
vn 0.0108 0.9999 -0.0107
vn 0.9982 -0.0000 -0.0598
vn 0.5422 -0.0000 -0.8403
vn 0.0198 -0.9997 -0.0123
vn -0.9307 0.0917 -0.3540
vn -0.9307 -0.0917 -0.3540
vn -0.9624 -0.0948 0.2547
vn -0.9758 -0.0961 0.1964
vn -0.9842 -0.0969 0.1484
vn -0.9902 -0.0975 0.1001
vn -0.9944 -0.0979 0.0403
vn -0.9624 0.0948 0.2547
vn -0.9758 0.0961 0.1964
vn -0.9842 0.0969 0.1484
vn -0.9902 0.0975 0.1001
vn -0.9944 0.0979 0.0403
vn -0.9780 0.0963 0.1852
vn -0.9780 -0.0963 0.1852
vn -0.9829 0.0968 -0.1564
vn -0.8867 0.0873 -0.4540
vn -0.7036 0.0693 -0.7072
vn -0.9829 -0.0968 -0.1564
vn -0.8867 -0.0873 -0.4540
vn -0.7038 -0.0693 -0.7070
vn -0.9952 0.0980 -0.0000
vn -0.9952 -0.0980 -0.0000
vn 0.7040 -0.7089 -0.0429
vn 0.7046 -0.3794 -0.5997
vn -0.7046 -0.3793 -0.5998
vn -0.7040 -0.7089 -0.0429
vn -0.0000 0.4192 0.9079
vn 0.9999 -0.0108 -0.0107
vn -0.0000 -0.9982 -0.0598
vn -0.0000 -0.5422 -0.8403
vn -0.9997 -0.0198 -0.0123
vn 0.0917 0.9307 -0.3540
vn -0.0917 0.9307 -0.3540
vn -0.0948 0.9624 0.2547
vn -0.0961 0.9758 0.1964
vn -0.0969 0.9842 0.1484
vn -0.0975 0.9902 0.1001
vn -0.0979 0.9944 0.0403
vn 0.0948 0.9624 0.2547
vn 0.0961 0.9758 0.1964
vn 0.0969 0.9842 0.1484
vn 0.0975 0.9902 0.1001
vn 0.0979 0.9944 0.0403
vn 0.0963 0.9780 0.1852
vn -0.0963 0.9780 0.1852
vn 0.0968 0.9829 -0.1564
vn 0.0873 0.8867 -0.4540
vn 0.0693 0.7041 -0.7067
vn -0.0968 0.9829 -0.1564
vn -0.0873 0.8867 -0.4540
vn -0.0693 0.7036 -0.7072
vn 0.0980 0.9952 -0.0000
vn -0.0980 0.9952 -0.0000
vn -0.7089 -0.7040 -0.0429
vn -0.3794 -0.7046 -0.5997
vn -0.3793 0.7046 -0.5998
vn -0.7089 0.7040 -0.0429
vn 0.4192 -0.0000 0.9079
vn -0.0108 -0.9999 -0.0107
vn -0.9982 -0.0000 -0.0598
vn -0.5422 -0.0000 -0.8403
vn -0.0198 0.9997 -0.0123
vn 0.9307 -0.0917 -0.3540
vn 0.9307 0.0917 -0.3540
vn 0.9624 0.0948 0.2547
vn 0.9758 0.0961 0.1964
vn 0.9842 0.0969 0.1484
vn 0.9902 0.0975 0.1001
vn 0.9944 0.0979 0.0403
vn 0.9624 -0.0948 0.2547
vn 0.9758 -0.0961 0.1964
vn 0.9842 -0.0969 0.1484
vn 0.9902 -0.0975 0.1001
vn 0.9944 -0.0979 0.0403
vn 0.9780 -0.0963 0.1852
vn 0.9780 0.0963 0.1852
vn 0.9829 -0.0968 -0.1564
vn 0.8867 -0.0873 -0.4540
vn 0.7036 -0.0693 -0.7072
vn 0.9829 0.0968 -0.1564
vn 0.8867 0.0873 -0.4540
vn 0.7036 0.0693 -0.7072
vn 0.9952 -0.0980 -0.0000
vn 0.9952 0.0980 -0.0000
vt 0.375000 0.917960
vt 0.625000 0.917960
vt 0.621201 1.000000
vt 0.379021 1.000000
vt 0.625000 0.000096
vt 0.625000 0.272702
vt 0.617317 0.235895
vt 0.617238 0.235521
vt 0.616760 0.232859
vt 0.616197 0.011829
vt 0.681799 0.497632
vt 0.688127 0.495790
vt 0.666020 0.791020
vt 0.616197 0.738171
vt 0.616760 0.517141
vt 0.620956 0.515547
vt 0.347653 0.804693
vt 0.375000 0.738987
vt 0.207040 0.750000
vt 0.125000 0.738987
vt 0.125000 0.577351
vt 0.231454 0.578878
vt 0.250093 0.579092
vt 0.268728 0.578877
vt 0.375000 0.577351
vt 0.375000 0.172649
vt 0.375000 0.011013
vt 0.596485 0.225583
vt 0.439472 0.173564
vt 0.434509 0.171419
vt 0.428372 0.169565
vt 0.421655 0.168188
vt 0.415020 0.167420
vt 0.409127 0.167327
vt 0.383827 0.168631
vt 0.379223 0.169880
vt 0.778509 0.521951
vt 0.792960 0.750000
vt 0.733313 0.509189
vt 0.439369 0.576185
vt 0.448661 0.573434
vt 0.379216 0.580104
vt 0.383814 0.581336
vt 0.409075 0.582543
vt 0.414959 0.582427
vt 0.421583 0.581633
vt 0.428289 0.580229
vt 0.434415 0.578350
vt 0.504514 0.750766
vt 0.515167 0.743132
vt 0.500000 0.743132
vt 0.500000 0.751424
vt 0.503460 0.751575
vt 0.484809 0.743132
vt 0.484929 0.743219
vt 0.496540 0.751575
vt 0.484858 0.627039
vt 0.500000 0.627039
vt 0.500000 0.623870
vt 0.484929 0.623870
vt 0.500000 0.620177
vt 0.484944 0.620177
vt 0.500000 0.609901
vt 0.484904 0.609901
vt 0.500000 0.595044
vt 0.484813 0.595044
vt 0.500000 0.582291
vt 0.484680 0.582291
vt 0.516804 0.627039
vt 0.516585 0.623870
vt 0.516397 0.620177
vt 0.516256 0.609901
vt 0.516176 0.595044
vt 0.516160 0.582291
vt 0.515881 0.742825
vt 0.517078 0.632895
vt 0.484739 0.729327
vt 0.484119 0.742825
vt 0.516362 0.520055
vt 0.500000 0.520055
vt 0.500000 0.529024
vt 0.516247 0.529024
vt 0.516635 0.502381
vt 0.502483 0.500000
vt 0.500000 0.500000
vt 0.750000 0.010043
vt 0.753720 0.010409
vt 0.750000 0.010254
vt 0.483969 0.529024
vt 0.483741 0.520055
vt 0.497517 0.500000
vt 0.483365 0.502381
vt 0.746280 0.010409
s 0
usemtl Material.001
f 961/1175/930 963/1176/930 964/1177/930 962/1178/930
f 963/1179/931 979/1180/931 980/1181/931 982/1182/931 981/1183/931 964/1184/931
f 984/1185/932 983/1186/932 967/1187/932 968/1188/932 985/1189/932 986/1190/932
f 967/1187/933 966/1191/933 965/1192/933 968/1188/933
f 966/1191/934 961/1193/934 962/1194/934 988/1195/934 987/1196/934 990/1197/934 989/1198/934 991/1199/934 965/1192/934
f 988/1200/935 962/1201/935 964/1184/935 981/1183/935 992/1202/935 998/1203/935 1000/1204/935 999/1205/935 997/1206/935 996/1207/935 994/1208/935 993/1209/935 995/1210/935
f 966/1191/936 967/1187/936 963/1176/936 961/1175/936
f 979/1211/937 963/1212/937 967/1187/937 983/1186/937 1001/1213/937
f 1007/1214/938 1002/1215/938 985/1189/938 968/1188/938 965/1192/938 991/1199/938 1005/1216/938 1003/1217/938 1004/1218/938 1006/1219/938 1009/1220/938 1010/1221/938 1008/1222/938
f 984/1223/939 986/1224/939 969/1225/939 1001/1226/939 983/1227/939
f 969/1225/940 982/1228/940 980/1229/940 979/1230/940 1001/1226/940
f 998/1231/941 971/1232/941 975/1233/941 1000/1234/941
f 1000/1234/942 975/1233/942 974/1235/942 999/1236/942
f 999/1236/943 974/1235/943 973/1237/943 997/1238/943
f 997/1238/944 973/1237/944 972/1239/944 996/1240/944
f 996/1240/945 972/1239/945 970/1241/945 994/1242/945
f 975/1233/946 971/1232/946 1007/1243/946 1008/1244/946
f 974/1235/947 975/1233/947 1008/1244/947 1010/1245/947
f 973/1237/948 974/1235/948 1010/1245/948 1009/1246/948
f 1006/1247/949 972/1239/949 973/1237/949 1009/1246/949
f 1004/1248/950 970/1241/950 972/1239/950 1006/1247/950
f 1007/1243/951 971/1232/951 969/1225/951 986/1224/951 985/1249/951 1002/1250/951
f 982/1228/952 969/1225/952 971/1232/952 998/1231/952 992/1251/952 981/1252/952
f 1005/1253/953 977/1254/953 976/1255/953 1003/1256/953
f 991/1257/954 989/1258/954 978/1259/954 977/1254/954 1005/1253/954
f 978/1260/955 989/1261/955 990/1262/955
f 993/1263/956 976/1255/956 977/1254/956 995/1264/956
f 995/1264/957 977/1254/957 978/1259/957 987/1265/957 988/1266/957
f 987/1267/958 978/1260/958 990/1262/958
f 1003/1256/959 976/1255/959 970/1241/959 1004/1248/959
f 970/1241/960 976/1255/960 993/1263/960 994/1242/960
f 1011/1175/961 1013/1176/961 1014/1177/961 1012/1178/961
f 1013/1179/962 1029/1180/962 1030/1181/962 1032/1182/962 1031/1183/962 1014/1184/962
f 1034/1185/963 1033/1186/963 1017/1187/963 1018/1188/963 1035/1189/963 1036/1190/963
f 1017/1187/964 1016/1191/964 1015/1192/964 1018/1188/964
f 1016/1191/965 1011/1193/965 1012/1194/965 1038/1195/965 1037/1196/965 1040/1197/965 1039/1198/965 1041/1199/965 1015/1192/965
f 1038/1200/966 1012/1201/966 1014/1184/966 1031/1183/966 1042/1202/966 1048/1203/966 1050/1204/966 1049/1205/966 1047/1206/966 1046/1207/966 1044/1208/966 1043/1209/966 1045/1210/966
f 1016/1191/967 1017/1187/967 1013/1176/967 1011/1175/967
f 1029/1211/968 1013/1212/968 1017/1187/968 1033/1186/968 1051/1213/968
f 1057/1214/969 1052/1215/969 1035/1189/969 1018/1188/969 1015/1192/969 1041/1199/969 1055/1216/969 1053/1217/969 1054/1218/969 1056/1219/969 1059/1220/969 1060/1221/969 1058/1222/969
f 1034/1223/970 1036/1224/970 1019/1225/970 1051/1226/970 1033/1227/970
f 1019/1225/971 1032/1228/971 1030/1229/971 1029/1230/971 1051/1226/971
f 1048/1231/972 1021/1232/972 1025/1233/972 1050/1234/972
f 1050/1234/973 1025/1233/973 1024/1235/973 1049/1236/973
f 1049/1236/974 1024/1235/974 1023/1237/974 1047/1238/974
f 1047/1238/975 1023/1237/975 1022/1239/975 1046/1240/975
f 1046/1240/976 1022/1239/976 1020/1241/976 1044/1242/976
f 1025/1233/977 1021/1232/977 1057/1243/977 1058/1244/977
f 1024/1235/978 1025/1233/978 1058/1244/978 1060/1245/978
f 1023/1237/979 1024/1235/979 1060/1245/979 1059/1246/979
f 1056/1247/980 1022/1239/980 1023/1237/980 1059/1246/980
f 1054/1248/981 1020/1241/981 1022/1239/981 1056/1247/981
f 1057/1243/982 1021/1232/982 1019/1225/982 1036/1224/982 1035/1249/982 1052/1250/982
f 1032/1228/983 1019/1225/983 1021/1232/983 1048/1231/983 1042/1251/983 1031/1252/983
f 1055/1253/984 1027/1254/984 1026/1255/984 1053/1256/984
f 1041/1257/985 1039/1258/985 1028/1259/985 1027/1254/985 1055/1253/985
f 1028/1260/986 1039/1261/986 1040/1262/986
f 1043/1263/987 1026/1255/987 1027/1254/987 1045/1264/987
f 1045/1264/988 1027/1254/988 1028/1259/988 1037/1265/988 1038/1266/988
f 1037/1267/989 1028/1260/989 1040/1262/989
f 1053/1256/990 1026/1255/990 1020/1241/990 1054/1248/990
f 1020/1241/991 1026/1255/991 1043/1263/991 1044/1242/991
f 1061/1175/992 1063/1176/992 1064/1177/992 1062/1178/992
f 1063/1179/993 1079/1180/993 1080/1181/993 1082/1182/993 1081/1183/993 1064/1184/993
f 1084/1185/994 1083/1186/994 1067/1187/994 1068/1188/994 1085/1189/994 1086/1190/994
f 1067/1187/995 1066/1191/995 1065/1192/995 1068/1188/995
f 1066/1191/996 1061/1193/996 1062/1194/996 1088/1195/996 1087/1196/996 1090/1197/996 1089/1198/996 1091/1199/996 1065/1192/996
f 1088/1200/997 1062/1201/997 1064/1184/997 1081/1183/997 1092/1202/997 1098/1203/997 1100/1204/997 1099/1205/997 1097/1206/997 1096/1207/997 1094/1208/997 1093/1209/997 1095/1210/997
f 1066/1191/998 1067/1187/998 1063/1176/998 1061/1175/998
f 1079/1211/999 1063/1212/999 1067/1187/999 1083/1186/999 1101/1213/999
f 1107/1214/1000 1102/1215/1000 1085/1189/1000 1068/1188/1000 1065/1192/1000 1091/1199/1000 1105/1216/1000 1103/1217/1000 1104/1218/1000 1106/1219/1000 1109/1220/1000 1110/1221/1000 1108/1222/1000
f 1084/1223/1001 1086/1224/1001 1069/1225/1001 1101/1226/1001 1083/1227/1001
f 1069/1225/1002 1082/1228/1002 1080/1229/1002 1079/1230/1002 1101/1226/1002
f 1098/1231/1003 1071/1232/1003 1075/1233/1003 1100/1234/1003
f 1100/1234/1004 1075/1233/1004 1074/1235/1004 1099/1236/1004
f 1099/1236/1005 1074/1235/1005 1073/1237/1005 1097/1238/1005
f 1097/1238/1006 1073/1237/1006 1072/1239/1006 1096/1240/1006
f 1096/1240/1007 1072/1239/1007 1070/1241/1007 1094/1242/1007
f 1075/1233/1008 1071/1232/1008 1107/1243/1008 1108/1244/1008
f 1074/1235/1009 1075/1233/1009 1108/1244/1009 1110/1245/1009
f 1073/1237/1010 1074/1235/1010 1110/1245/1010 1109/1246/1010
f 1106/1247/1011 1072/1239/1011 1073/1237/1011 1109/1246/1011
f 1104/1248/1012 1070/1241/1012 1072/1239/1012 1106/1247/1012
f 1107/1243/1013 1071/1232/1013 1069/1225/1013 1086/1224/1013 1085/1249/1013 1102/1250/1013
f 1082/1228/1014 1069/1225/1014 1071/1232/1014 1098/1231/1014 1092/1251/1014 1081/1252/1014
f 1105/1253/1015 1077/1254/1015 1076/1255/1015 1103/1256/1015
f 1091/1257/1016 1089/1258/1016 1078/1259/1016 1077/1254/1016 1105/1253/1016
f 1078/1260/1017 1089/1261/1017 1090/1262/1017
f 1093/1263/1018 1076/1255/1018 1077/1254/1018 1095/1264/1018
f 1095/1264/1019 1077/1254/1019 1078/1259/1019 1087/1265/1019 1088/1266/1019
f 1087/1267/1020 1078/1260/1020 1090/1262/1020
f 1103/1256/1021 1076/1255/1021 1070/1241/1021 1104/1248/1021
f 1070/1241/1022 1076/1255/1022 1093/1263/1022 1094/1242/1022
f 1111/1175/1023 1113/1176/1023 1114/1177/1023 1112/1178/1023
f 1113/1179/1024 1129/1180/1024 1130/1181/1024 1132/1182/1024 1131/1183/1024 1114/1184/1024
f 1134/1185/1025 1133/1186/1025 1117/1187/1025 1118/1188/1025 1135/1189/1025 1136/1190/1025
f 1117/1187/1026 1116/1191/1026 1115/1192/1026 1118/1188/1026
f 1116/1191/1027 1111/1193/1027 1112/1194/1027 1138/1195/1027 1137/1196/1027 1140/1197/1027 1139/1198/1027 1141/1199/1027 1115/1192/1027
f 1138/1200/1028 1112/1201/1028 1114/1184/1028 1131/1183/1028 1142/1202/1028 1148/1203/1028 1150/1204/1028 1149/1205/1028 1147/1206/1028 1146/1207/1028 1144/1208/1028 1143/1209/1028 1145/1210/1028
f 1116/1191/1029 1117/1187/1029 1113/1176/1029 1111/1175/1029
f 1129/1211/1030 1113/1212/1030 1117/1187/1030 1133/1186/1030 1151/1213/1030
f 1157/1214/1031 1152/1215/1031 1135/1189/1031 1118/1188/1031 1115/1192/1031 1141/1199/1031 1155/1216/1031 1153/1217/1031 1154/1218/1031 1156/1219/1031 1159/1220/1031 1160/1221/1031 1158/1222/1031
f 1134/1223/1032 1136/1224/1032 1119/1225/1032 1151/1226/1032 1133/1227/1032
f 1119/1225/1033 1132/1228/1033 1130/1229/1033 1129/1230/1033 1151/1226/1033
f 1148/1231/1034 1121/1232/1034 1125/1233/1034 1150/1234/1034
f 1150/1234/1035 1125/1233/1035 1124/1235/1035 1149/1236/1035
f 1149/1236/1036 1124/1235/1036 1123/1237/1036 1147/1238/1036
f 1147/1238/1037 1123/1237/1037 1122/1239/1037 1146/1240/1037
f 1146/1240/1038 1122/1239/1038 1120/1241/1038 1144/1242/1038
f 1125/1233/1039 1121/1232/1039 1157/1243/1039 1158/1244/1039
f 1124/1235/1040 1125/1233/1040 1158/1244/1040 1160/1245/1040
f 1123/1237/1041 1124/1235/1041 1160/1245/1041 1159/1246/1041
f 1156/1247/1042 1122/1239/1042 1123/1237/1042 1159/1246/1042
f 1154/1248/1043 1120/1241/1043 1122/1239/1043 1156/1247/1043
f 1157/1243/1044 1121/1232/1044 1119/1225/1044 1136/1224/1044 1135/1249/1044 1152/1250/1044
f 1132/1228/1045 1119/1225/1045 1121/1232/1045 1148/1231/1045 1142/1251/1045 1131/1252/1045
f 1155/1253/1046 1127/1254/1046 1126/1255/1046 1153/1256/1046
f 1141/1257/1047 1139/1258/1047 1128/1259/1047 1127/1254/1047 1155/1253/1047
f 1128/1260/1048 1139/1261/1048 1140/1262/1048
f 1143/1263/1049 1126/1255/1049 1127/1254/1049 1145/1264/1049
f 1145/1264/1050 1127/1254/1050 1128/1259/1050 1137/1265/1050 1138/1266/1050
f 1137/1267/1051 1128/1260/1051 1140/1262/1051
f 1153/1256/1052 1126/1255/1052 1120/1241/1052 1154/1248/1052
f 1120/1241/1053 1126/1255/1053 1143/1263/1053 1144/1242/1053
